battery_id,cycle,voltage,temperature,capacity,soh,rul,health_label,degradation_pct,voltage_drop,soh_lag_1,soh_lag_3,temp_capacity,health_encoded
B0005,1,3.53278,32.5369,1.86198,1.0,167,Healthy,0.0,0.0,1.0,1.0,60.583057062,2
B0005,2,3.54297,32.6436,1.85186,0.994568,166,Healthy,0.54,0.010190000000000143,1.0,0.994568,60.451377096,2
B0005,3,3.55306,32.5225,1.84081,0.988631,165,Healthy,1.14,0.010089999999999932,0.994568,0.988631,59.867743225000005,2
B0005,4,3.54585,32.4921,1.85006,0.993599,164,Healthy,0.64,-0.007209999999999717,0.988631,1.0,60.112334526000005,2
B0005,5,3.54446,32.3686,1.84943,0.993263,163,Healthy,0.67,-0.0013900000000002244,0.993599,0.994568,59.863459897999995,2
B0005,6,3.55552,32.2512,1.84114,0.988808,162,Healthy,1.12,0.01106000000000007,0.993263,0.988631,59.378974367999994,2
B0005,7,3.55039,32.3662,1.84062,0.988531,161,Healthy,1.15,-0.005129999999999857,0.988808,0.993599,59.573875044,2
B0005,8,3.55744,32.3675,1.83116,0.983452,160,Healthy,1.65,0.007050000000000001,0.988531,0.993263,59.2700713,2
B0005,9,3.5535,32.3396,1.83955,0.987953,159,Healthy,1.2,-0.003940000000000055,0.983452,0.988808,59.49031117999999,2
B0005,10,3.55789,32.1912,1.83002,0.982837,158,Healthy,1.72,0.004389999999999894,0.987953,0.988531,58.910539824000004,2
B0005,11,3.55635,32.0681,1.83,0.982827,157,Healthy,1.72,-0.0015399999999998748,0.982837,0.983452,58.684623,2
B0005,12,3.56047,32.3477,1.82899,0.982285,156,Healthy,1.77,0.0041199999999999015,0.982827,0.987953,59.163619823000005,2
B0005,13,3.56036,32.2836,1.8191,0.976971,155,Healthy,2.3,-0.00010999999999983245,0.982285,0.982837,58.727096759999995,2
B0005,14,3.56643,32.0159,1.81881,0.976814,154,Healthy,2.32,0.006069999999999798,0.976971,0.982827,58.230839079000006,2
B0005,15,3.56563,32.0,1.8173,0.976005,153,Healthy,2.4,-0.0007999999999999119,0.976814,0.982285,58.1536,2
B0005,16,3.55999,31.9346,1.7969,0.965047,152,Healthy,3.5,-0.005640000000000089,0.976005,0.976971,57.38328274,2
B0005,17,3.55861,31.9581,1.81733,0.976024,151,Healthy,2.4,-0.0013800000000001589,0.965047,0.976814,58.078413873,2
B0005,18,3.55912,31.965,1.80842,0.971235,150,Healthy,2.88,0.0005100000000002325,0.976024,0.976005,57.8061453,2
B0005,19,3.56428,31.875,1.80814,0.971085,149,Healthy,2.89,0.005160000000000053,0.971235,0.965047,57.634462500000005,2
B0005,20,3.56324,32.2468,1.85238,0.994844,148,Healthy,0.52,-0.001040000000000152,0.971085,0.976024,59.733327384,2
B0005,21,3.5598,32.6225,1.86215,1.00009,147,Healthy,-0.01,-0.0034399999999998876,0.994844,0.971235,60.747988375000006,2
B0005,22,3.56149,32.2641,1.84155,0.989028,146,Healthy,1.1,0.0016899999999999693,1.00009,0.971085,59.415953355,2
B0005,23,3.56403,31.9485,1.84052,0.988474,145,Healthy,1.15,0.0025399999999997647,0.989028,0.994844,58.80185322,2
B0005,24,3.55969,31.8554,1.81997,0.977442,144,Healthy,2.26,-0.0043400000000000105,0.988474,1.00009,57.975872338,2
B0005,25,3.5576,31.7919,1.84033,0.988376,143,Healthy,1.16,-0.0020899999999999253,0.977442,0.989028,58.507587326999996,2
B0005,26,3.56591,31.6536,1.82873,0.982142,142,Healthy,1.79,0.008310000000000262,0.988376,0.988474,57.885887928,2
B0005,27,3.56284,31.561,1.82012,0.977523,141,Healthy,2.25,-0.003070000000000128,0.982142,0.977442,57.444807319999995,2
B0005,28,3.55683,31.5656,1.81933,0.977096,140,Healthy,2.29,-0.006009999999999849,0.977523,0.988376,57.428243048,2
B0005,29,3.56829,31.5058,1.80812,0.971074,139,Healthy,2.89,0.011460000000000026,0.977096,0.982142,56.966267096,2
B0005,30,3.56695,31.5007,1.80939,0.971758,138,Healthy,2.82,-0.001340000000000341,0.971074,0.977523,56.997051573,2
B0005,31,3.55558,31.9375,1.85997,0.998924,137,Healthy,0.11,-0.01136999999999988,0.971758,0.977096,59.402791875,2
B0005,32,3.56625,32.019,1.83361,0.984764,136,Healthy,1.52,0.01067000000000018,0.998924,0.971074,58.71035859,2
B0005,33,3.56515,31.803,1.82283,0.978974,135,Healthy,2.1,-0.001100000000000101,0.984764,0.971758,57.97146249,2
B0005,34,3.56466,31.3901,1.81217,0.973253,134,Healthy,2.67,-0.0004900000000001015,0.978974,0.998924,56.884197517000004,2
B0005,35,3.56383,31.3226,1.80753,0.970757,133,Healthy,2.92,-0.0008300000000001084,0.973253,0.984764,56.616539178000004,2
B0005,36,3.55794,31.9243,1.80752,0.970754,132,Healthy,2.92,-0.005889999999999951,0.970757,0.978974,57.703810736,2
B0005,37,3.56066,31.6118,1.78569,0.959028,131,Healthy,4.1,0.0027200000000000557,0.970754,0.973253,56.448875142,2
B0005,38,3.55862,31.447,1.79106,0.961914,130,Healthy,3.81,-0.0020400000000000418,0.959028,0.970757,56.32346382,2
B0005,39,3.5581,31.276,1.78119,0.956614,129,Healthy,4.34,-0.0005199999999998539,0.961914,0.970754,55.70849844,2
B0005,40,3.55513,31.5256,1.77597,0.953807,128,Healthy,4.62,-0.002969999999999917,0.956614,0.959028,55.988519832,2
B0005,41,3.56241,32.0114,1.77078,0.951024,127,Healthy,4.9,0.007279999999999731,0.953807,0.961914,56.685146892000006,2
B0005,42,3.55576,32.2541,1.75956,0.944994,126,Healthy,5.5,-0.006650000000000045,0.951024,0.956614,56.753024196000005,2
B0005,43,3.56081,31.8068,1.77296,0.952192,125,Healthy,4.78,0.005050000000000221,0.944994,0.953807,56.392184128000004,2
B0005,44,3.5571,31.692,1.76561,0.948244,124,Healthy,5.18,-0.00370999999999988,0.952192,0.951024,55.955712119999994,2
B0005,45,3.54917,31.4421,1.75986,0.945156,123,Healthy,5.48,-0.007929999999999993,0.948244,0.944994,55.333694105999996,2
B0005,46,3.55265,31.2994,1.74478,0.937056,122,Healthy,6.29,0.0034799999999997056,0.945156,0.952192,54.610567132,2
B0005,47,3.55191,31.3054,1.739,0.933952,121,Healthy,6.6,-0.0007399999999999629,0.937056,0.948244,54.4400906,2
B0005,48,3.56486,34.2426,1.79653,0.964851,120,Healthy,3.51,0.012950000000000017,0.933952,0.945156,61.517858178000004,2
B0005,49,3.56294,33.4245,1.78608,0.959238,119,Healthy,4.08,-0.0019199999999996997,0.964851,0.937056,59.69883096,2
B0005,50,3.55898,32.6529,1.77028,0.950753,118,Healthy,4.92,-0.003960000000000186,0.959238,0.933952,57.80477581200001,2
B0005,51,3.55845,32.2014,1.75996,0.945211,117,Healthy,5.48,-0.0005299999999999194,0.950753,0.964851,56.673175944,2
B0005,52,3.55263,31.9722,1.74408,0.936682,116,Healthy,6.33,-0.005819999999999936,0.945211,0.959238,55.762074576,2
B0005,53,3.54886,32.0679,1.74463,0.936975,115,Healthy,6.3,-0.003770000000000273,0.936682,0.950753,55.946620377,2
B0005,54,3.54967,32.4119,1.74459,0.936955,114,Healthy,6.3,0.0008099999999999774,0.936975,0.945211,56.545476621000006,2
B0005,55,3.55041,32.0752,1.73454,0.93156,113,Healthy,6.84,0.0007399999999999629,0.936955,0.936682,55.635717408000005,2
B0005,56,3.54948,31.99,1.7187,0.923052,112,Healthy,7.69,-0.0009299999999998754,0.93156,0.936975,54.981213,2
B0005,57,3.55063,31.8504,1.71344,0.920228,111,Healthy,7.98,0.0011499999999999844,0.923052,0.936955,54.573749376,2
B0005,58,3.54429,32.1735,1.70898,0.91783,110,Healthy,8.22,-0.00633999999999979,0.920228,0.93156,54.98386803,2
B0005,59,3.54391,32.5485,1.69759,0.911713,109,Healthy,8.83,-0.000380000000000269,0.91783,0.923052,55.25400811499999,2
B0005,60,3.53995,32.3664,1.69184,0.908627,108,Healthy,9.14,-0.0039599999999997415,0.911713,0.920228,54.758770176,2
B0005,61,3.54404,32.2214,1.6878,0.906456,107,Healthy,9.35,0.004089999999999705,0.908627,0.91783,54.38327892,2
B0005,62,3.54164,32.0943,1.67746,0.900902,106,Healthy,9.91,-0.0023999999999997357,0.906456,0.911713,53.836904477999994,2
B0005,63,3.5389,32.2892,1.67187,0.897899,105,Warning,10.21,-0.0027400000000001867,0.900902,0.908627,53.983344804,1
B0005,64,3.54222,32.1762,1.67195,0.897946,104,Warning,10.21,0.0033199999999999896,0.897899,0.906456,53.796997590000004,1
B0005,65,3.53925,32.5368,1.66718,0.895382,103,Warning,10.46,-0.002969999999999917,0.897946,0.900902,54.244702224,1
B0005,66,3.53525,32.415,1.65683,0.889822,102,Warning,11.02,-0.0040000000000000036,0.895382,0.897899,53.70614445,1
B0005,67,3.53799,32.2579,1.64563,0.883807,101,Warning,11.62,0.0027400000000001867,0.889822,0.897946,53.084567977,1
B0005,68,3.53071,32.3445,1.64608,0.884049,100,Warning,11.6,-0.007280000000000175,0.883807,0.895382,53.241634559999994,1
B0005,69,3.52894,32.4228,1.63,0.875414,99,Warning,12.46,-0.0017700000000000493,0.884049,0.889822,52.849164,1
B0005,70,3.53237,32.4085,1.63071,0.875795,98,Warning,12.42,0.003429999999999822,0.875414,0.883807,52.848865034999996,1
B0005,71,3.52996,32.3843,1.62505,0.872756,97,Warning,12.72,-0.002409999999999801,0.875795,0.884049,52.626106715000006,1
B0005,72,3.52899,32.4163,1.61429,0.866977,96,Warning,13.3,-0.0009700000000001374,0.872756,0.875414,52.329308927,1
B0005,73,3.52799,32.3786,1.60949,0.864399,95,Warning,13.56,-0.0009999999999998899,0.866977,0.875795,52.113032914,1
B0005,74,3.52412,32.4217,1.60977,0.864552,94,Warning,13.54,-0.00387000000000004,0.864399,0.872756,52.191480009,1
B0005,75,3.52567,32.3645,1.59336,0.855738,93,Warning,14.43,0.0015499999999999403,0.864552,0.866977,51.568299720000006,1
B0005,76,3.52372,32.3431,1.58876,0.853267,92,Warning,14.67,-0.0019499999999998963,0.855738,0.864399,51.385423556,1
B0005,77,3.51992,32.2233,1.58788,0.852792,91,Warning,14.72,-0.0038000000000000256,0.853267,0.864552,51.166733604,1
B0005,78,3.5274,32.7488,1.59844,0.858466,90,Warning,14.15,0.007480000000000153,0.852792,0.855738,52.346991872000004,1
B0005,79,3.51668,32.3,1.57206,0.844296,89,Warning,15.57,-0.010720000000000063,0.858466,0.853267,50.77753799999999,1
B0005,80,3.51546,31.9894,1.56787,0.842047,88,Warning,15.8,-0.0012199999999999989,0.844296,0.852792,50.155220578000005,1
B0005,81,3.51587,32.1026,1.56803,0.842132,87,Warning,15.79,0.00041000000000002146,0.842047,0.858466,50.337839878000004,1
B0005,82,3.51525,32.6094,1.56251,0.839167,86,Warning,16.08,-0.0006200000000000649,0.842132,0.844296,50.952513594,1
B0005,83,3.51297,32.8749,1.55204,0.833545,85,Warning,16.65,-0.0022799999999998377,0.839167,0.842047,51.023159795999995,1
B0005,84,3.51355,32.7223,1.55187,0.833454,84,Warning,16.65,0.0005799999999998029,0.833545,0.842132,50.780755701,1
B0005,85,3.51418,32.4186,1.54643,0.830533,83,Warning,16.95,0.0006300000000001305,0.833454,0.839167,50.133095598,1
B0005,86,3.51092,32.2673,1.53089,0.822187,82,Warning,17.78,-0.0032600000000000406,0.830533,0.833545,49.397686897,1
B0005,87,3.51049,32.5498,1.53154,0.822536,81,Warning,17.75,-0.0004300000000001525,0.822187,0.833454,49.851320691999994,1
B0005,88,3.51396,32.8677,1.52567,0.819384,80,Warning,18.06,0.003470000000000084,0.822536,0.830533,50.145263859,1
B0005,89,3.51167,32.9536,1.52576,0.819431,79,Warning,18.06,-0.0022899999999999032,0.819384,0.822187,50.279284736,1
B0005,90,3.52436,32.7441,1.60883,0.864044,78,Warning,13.6,0.01269000000000009,0.819431,0.822536,52.679690403,1
B0005,91,3.51846,33.2445,1.56685,0.8415,77,Warning,15.85,-0.005900000000000016,0.864044,0.819384,52.089144825000005,1
B0005,92,3.51597,33.2625,1.55109,0.833034,76,Warning,16.7,-0.0024900000000003253,0.8415,0.819431,51.593131125000006,1
B0005,93,3.5185,33.0364,1.53541,0.824611,75,Warning,17.54,0.0025300000000001432,0.833034,0.864044,50.724418924,1
B0005,94,3.51123,32.8716,1.53521,0.824507,74,Warning,17.55,-0.00727000000000011,0.824611,0.8415,50.464809036,1
B0005,95,3.50931,32.8926,1.51999,0.81633,73,Warning,18.37,-0.0019199999999996997,0.824507,0.833034,49.996423074,1
B0005,96,3.5116,32.8004,1.51495,0.813627,72,Warning,18.64,0.0022899999999999032,0.81633,0.824611,49.69096598000001,1
B0005,97,3.50701,32.9496,1.50959,0.810748,71,Warning,18.93,-0.004589999999999872,0.813627,0.824507,49.74038666399999,1
B0005,98,3.50459,32.9603,1.50986,0.81089,70,Warning,18.91,-0.002420000000000311,0.810748,0.81633,49.76543855799999,1
B0005,99,3.50718,32.9761,1.49915,0.805137,69,Warning,19.49,0.0025900000000000922,0.81089,0.813627,49.436120315000004,1
B0005,100,3.50628,33.0767,1.48892,0.799646,68,Critical,20.04,-0.0009000000000001229,0.805137,0.810748,49.248560164000004,0
B0005,101,3.5049,32.9697,1.48343,0.796699,67,Critical,20.33,-0.0013799999999997148,0.799646,0.81089,48.908242071000004,0
B0005,102,3.506,32.9646,1.47823,0.793903,66,Critical,20.61,0.0010999999999996568,0.796699,0.805137,48.729260657999994,0
B0005,103,3.49777,33.1118,1.49419,0.802477,65,Warning,19.75,-0.008229999999999738,0.793903,0.799646,49.475320442,1
B0005,104,3.50897,33.6855,1.49913,0.805126,64,Warning,19.49,0.011200000000000099,0.802477,0.796699,50.498943615,1
B0005,105,3.50161,33.5761,1.48912,0.799754,63,Critical,20.02,-0.007360000000000255,0.805126,0.793903,49.99884203199999,0
B0005,106,3.50468,33.4326,1.47275,0.79096,62,Critical,20.9,0.003070000000000128,0.799754,0.802477,49.23786165,0
B0005,107,3.49822,33.1827,1.45695,0.782473,61,Critical,21.75,-0.006460000000000132,0.79096,0.805126,48.345534765,0
B0005,108,3.49857,33.2699,1.4572,0.782611,60,Critical,21.74,0.0003500000000000725,0.782473,0.799754,48.48089828,0
B0005,109,3.49439,33.5481,1.46333,0.7859,59,Critical,21.41,-0.0041799999999998505,0.782611,0.79096,49.091941172999995,0
B0005,110,3.49888,33.6955,1.45209,0.779867,58,Critical,22.01,0.004490000000000105,0.7859,0.782473,48.92889859500001,0
B0005,111,3.5001,33.3659,1.44168,0.774273,57,Critical,22.57,0.0012199999999999989,0.779867,0.782611,48.10295071200001,0
B0005,112,3.49466,33.3511,1.4365,0.771492,56,Critical,22.85,-0.005440000000000111,0.774273,0.7859,47.90885515000001,0
B0005,113,3.49352,33.5765,1.43644,0.771461,55,Critical,22.85,-0.0011399999999999189,0.771492,0.779867,48.23062766,0
B0005,114,3.49585,33.8019,1.43108,0.768581,54,Critical,23.14,0.002329999999999721,0.771461,0.774273,48.373223052,0
B0005,115,3.49678,33.6539,1.42595,0.765828,53,Critical,23.42,0.0009300000000003195,0.768581,0.771492,47.988778705,0
B0005,116,3.49316,33.468,1.42045,0.762875,52,Critical,23.71,-0.0036200000000001786,0.765828,0.771461,47.539620600000006,0
B0005,117,3.4908,33.3207,1.41548,0.760203,51,Critical,23.98,-0.0023599999999999177,0.762875,0.768581,47.164784436000005,0
B0005,118,3.48553,33.672,1.41564,0.76029,50,Critical,23.97,-0.00527000000000033,0.760203,0.765828,47.667430079999995,0
B0005,119,3.49207,33.956,1.41069,0.75763,49,Critical,24.24,0.006540000000000212,0.76029,0.762875,47.901389640000005,0
B0005,120,3.49224,33.766,1.43648,0.771481,48,Critical,22.85,0.00016999999999978144,0.75763,0.760203,48.50418368,0
B0005,121,3.49639,34.0154,1.4413,0.774072,47,Critical,22.59,0.004150000000000098,0.771481,0.76029,49.02639602,0
B0005,122,3.49516,33.6266,1.42041,0.762851,46,Critical,23.71,-0.0012300000000000644,0.774072,0.75763,47.763558906,0
B0005,123,3.49117,33.2981,1.41527,0.760089,45,Critical,23.99,-0.003989999999999938,0.762851,0.771481,47.125801986999996,0
B0005,124,3.48716,33.3118,1.40948,0.756981,44,Critical,24.3,-0.004010000000000069,0.760089,0.774072,46.952315864,0
B0005,125,3.48982,33.1898,1.39975,0.751757,43,Critical,24.82,0.0026600000000001067,0.756981,0.762851,46.45742255,0
B0005,126,3.48195,33.323,1.38865,0.745796,42,Critical,25.42,-0.007870000000000044,0.751757,0.760089,46.27398395,0
B0005,127,3.48473,33.2577,1.38924,0.746112,41,Critical,25.39,0.0027800000000000047,0.745796,0.756981,46.202927148,0
B0005,128,3.48524,33.0597,1.38349,0.74302,40,Critical,25.7,0.0005100000000002325,0.746112,0.751757,45.737764353,0
B0005,129,3.48223,33.0782,1.37264,0.737198,39,Critical,26.28,-0.003010000000000179,0.74302,0.745796,45.40446044800001,0
B0005,130,3.48231,33.0815,1.37357,0.737692,38,Critical,26.23,8.000000000008001e-05,0.737198,0.746112,45.439755954999995,0
B0005,131,3.4782,33.2104,1.37356,0.73769,37,Critical,26.23,-0.004109999999999836,0.737692,0.74302,45.616477024,0
B0005,132,3.47851,33.0631,1.37304,0.737408,36,Critical,26.26,0.00030999999999981043,0.73769,0.737198,45.396958824,0
B0005,133,3.48197,33.5842,1.37843,0.740306,35,Critical,25.97,0.0034600000000000186,0.737408,0.737692,46.29346880600001,0
B0005,134,3.49115,33.6903,1.38913,0.746051,34,Critical,25.39,0.009180000000000188,0.740306,0.73769,46.800206439,0
B0005,135,3.48171,33.6416,1.36721,0.734277,33,Critical,26.57,-0.009440000000000115,0.746051,0.737408,45.995131936,0
B0005,136,3.47971,33.4672,1.37304,0.737409,32,Critical,26.26,-0.002000000000000224,0.734277,0.740306,45.951804288,0
B0005,137,3.48182,33.0722,1.35739,0.729007,31,Critical,27.1,0.0021100000000000563,0.737409,0.746051,44.89187355800001,0
B0005,138,3.47993,33.6102,1.36294,0.731986,30,Critical,26.8,-0.0018899999999999473,0.729007,0.734277,45.808685988,0
B0005,139,3.47563,33.7946,1.35776,0.729203,29,Critical,27.08,-0.0042999999999997485,0.731986,0.737409,45.884956096,0
B0005,140,3.47949,33.3963,1.35236,0.726303,28,Critical,27.37,0.0038599999999999746,0.729203,0.729007,45.163820267999995,0
B0005,141,3.47267,33.1711,1.34726,0.723565,27,Critical,27.64,-0.00682000000000027,0.726303,0.731986,44.690096186,0
B0005,142,3.47212,33.1912,1.34207,0.720776,26,Critical,27.92,-0.0005500000000000504,0.723565,0.729203,44.54491378400001,0
B0005,143,3.47379,33.4495,1.34194,0.720705,25,Critical,27.93,0.0016700000000002824,0.720776,0.726303,44.88722203,0
B0005,144,3.47522,33.4512,1.33706,0.718086,24,Critical,28.19,0.0014300000000000423,0.720705,0.723565,44.726261472,0
B0005,145,3.47013,33.1936,1.33692,0.718012,23,Critical,28.2,-0.005090000000000039,0.718086,0.720776,44.37718771200001,0
B0005,146,3.46874,33.0236,1.33148,0.715092,22,Critical,28.49,-0.0013900000000002244,0.718012,0.720705,43.970262928000004,0
B0005,147,3.46838,33.0677,1.32127,0.709606,21,Critical,29.04,-0.000360000000000138,0.715092,0.718086,43.691359979,0
B0005,148,3.47345,33.3266,1.32159,0.70978,20,Critical,29.02,0.005070000000000352,0.709606,0.718012,44.044101294,0
B0005,149,3.46954,33.2694,1.32136,0.709656,19,Critical,29.03,-0.003910000000000302,0.70978,0.715092,43.960854384,0
B0005,150,3.4677,32.8819,1.32694,0.712652,18,Critical,28.73,-0.0018400000000000638,0.709656,0.709606,43.632308386000005,0
B0005,151,3.47168,33.3239,1.35752,0.729077,17,Critical,27.09,0.003980000000000317,0.712652,0.70978,45.237860728,0
B0005,152,3.47554,33.3214,1.34791,0.723913,16,Critical,27.61,0.0038599999999999746,0.729077,0.709656,44.914248273999995,0
B0005,153,3.47779,33.0536,1.33213,0.715439,15,Critical,28.46,0.0022500000000000853,0.723913,0.712652,44.031692168000006,0
B0005,154,3.47269,33.1301,1.32676,0.712555,14,Critical,28.74,-0.0051000000000001044,0.715439,0.729077,43.955691476,0
B0005,155,3.46685,33.1813,1.31604,0.706797,13,Critical,29.32,-0.005840000000000067,0.712555,0.723913,43.667918052000005,0
B0005,156,3.47326,33.0847,1.31655,0.707069,12,Critical,29.29,0.006409999999999805,0.706797,0.715439,43.557661785,0
B0005,157,3.46283,33.0512,1.31063,0.703894,11,Critical,29.61,-0.01042999999999994,0.707069,0.712555,43.317894256,0
B0005,158,3.46864,32.9708,1.31619,0.706878,10,Critical,29.31,0.005810000000000315,0.703894,0.706797,43.39583725199999,0
B0005,159,3.46964,33.0569,1.30615,0.701486,9,Critical,29.85,0.0009999999999998899,0.706878,0.707069,43.177269935,0
B0005,160,3.46556,33.1332,1.31169,0.704459,8,Critical,29.55,-0.0040800000000000836,0.701486,0.703894,43.460487108,0
B0005,161,3.46568,33.1306,1.30649,0.701667,7,Critical,29.83,0.00011999999999989797,0.704459,0.706878,43.284797594,0
B0005,162,3.46606,33.1848,1.30624,0.701537,6,Critical,29.85,0.000380000000000269,0.701667,0.701486,43.347313152000005,0
B0005,163,3.46255,33.2377,1.30125,0.698852,5,Critical,30.11,-0.003510000000000346,0.701537,0.704459,43.25055712499999,0
B0005,164,3.46613,33.2177,1.2966,0.696357,4,Critical,30.36,0.0035800000000003607,0.698852,0.701667,43.07006982,0
B0005,165,3.46936,33.155,1.29113,0.693422,3,Critical,30.66,0.003229999999999844,0.696357,0.701537,42.807415150000004,0
B0005,166,3.46068,33.288,1.29577,0.695911,2,Critical,30.41,-0.008680000000000021,0.693422,0.698852,43.13359176,0
B0005,167,3.47044,33.588,1.31211,0.704686,1,Critical,29.53,0.009759999999999991,0.695911,0.696357,44.07115068,0
B0005,168,3.47572,33.6446,1.3282,0.713328,0,Critical,28.67,0.005279999999999951,0.704686,0.693422,44.686757719999996,0
B0006,1,3.55377,32.1829,2.06137,1.0,154,Healthy,0.0,0.0,1.0,1.0,66.340864573,2
B0006,2,3.56148,32.2931,2.04187,0.990543,153,Healthy,0.95,0.007709999999999884,1.0,0.990543,65.938312097,2
B0006,3,3.56675,32.2441,2.03002,0.984793,152,Healthy,1.52,0.005269999999999886,0.990543,0.984793,65.456167882,2
B0006,4,3.56564,32.186,2.02795,0.983791,151,Healthy,1.62,-0.0011099999999997223,0.984793,1.0,65.2715987,2
B0006,5,3.56397,32.0669,2.01722,0.978585,150,Healthy,2.14,-0.0016700000000002824,0.983791,0.990543,64.685992018,2
B0006,6,3.57355,32.0345,2.03057,0.985059,149,Healthy,1.49,0.009580000000000144,0.978585,0.984793,65.048294665,2
B0006,7,3.57114,32.1116,2.02974,0.984657,148,Healthy,1.53,-0.002409999999999801,0.985059,0.983791,65.178198984,2
B0006,8,3.56815,32.1126,1.98542,0.963157,147,Healthy,3.68,-0.002990000000000048,0.984657,0.978585,63.756998292,2
B0006,9,3.56928,32.0357,1.97342,0.957338,146,Healthy,4.27,0.0011299999999998533,0.963157,0.985059,63.219891094,2
B0006,10,3.56014,32.0349,1.98311,0.962036,145,Healthy,3.8,-0.009139999999999926,0.957338,0.984657,63.528730539,2
B0006,11,3.56666,31.8741,1.96213,0.951859,144,Healthy,4.81,0.006520000000000081,0.962036,0.963157,62.541127833,2
B0006,12,3.5687,32.121,1.94002,0.941136,143,Healthy,5.89,0.0020400000000000418,0.951859,0.957338,62.315382420000006,2
B0006,13,3.56921,32.1102,1.92855,0.935571,142,Healthy,6.44,0.0005099999999997884,0.941136,0.962036,61.92612621,2
B0006,14,3.56593,31.9891,1.92842,0.935506,141,Healthy,6.45,-0.0032800000000001717,0.935571,0.951859,61.688420222000005,2
B0006,15,3.56124,31.8788,1.91759,0.930252,140,Healthy,6.97,-0.004689999999999639,0.935506,0.941136,61.130468091999994,2
B0006,16,3.55788,31.7675,1.90574,0.924503,139,Healthy,7.55,-0.0033600000000002517,0.930252,0.935571,60.54059545,2
B0006,17,3.55945,31.8308,1.90407,0.923693,138,Healthy,7.63,0.0015700000000000713,0.924503,0.935506,60.608071355999996,2
B0006,18,3.55579,31.87,1.89338,0.918509,137,Healthy,8.15,-0.0036599999999999966,0.923693,0.930252,60.342020600000005,2
B0006,19,3.55809,31.8904,1.87287,0.90856,136,Healthy,9.14,0.0022999999999999687,0.918509,0.924503,59.726573448,2
B0006,20,3.56271,31.5484,2.00554,0.972919,135,Healthy,2.71,0.0046200000000000685,0.90856,0.923693,63.271578135999995,2
B0006,21,3.57081,31.8745,1.97423,0.957729,134,Healthy,4.23,0.008099999999999774,0.972919,0.918509,62.927594135,2
B0006,22,3.56668,31.5391,1.96238,0.951979,133,Healthy,4.8,-0.004129999999999967,0.957729,0.90856,61.891699058,2
B0006,23,3.56356,31.2585,1.95024,0.946089,132,Healthy,5.39,-0.0031200000000000117,0.951979,0.972919,60.96157704,2
B0006,24,3.57105,31.119,1.95124,0.946578,131,Healthy,5.34,0.007490000000000219,0.946089,0.957729,60.72063756,2
B0006,25,3.56663,31.0332,1.90669,0.924964,130,Healthy,7.5,-0.0044200000000000905,0.946578,0.951979,59.170692108000004,2
B0006,26,3.55274,31.0012,1.89517,0.919375,129,Healthy,8.06,-0.013889999999999958,0.924964,0.946089,58.752544204,2
B0006,27,3.5561,30.9214,1.88479,0.914343,128,Healthy,8.57,0.0033599999999998076,0.919375,0.946578,58.280345505999996,2
B0006,28,3.55441,30.8945,1.87243,0.908345,127,Healthy,9.17,-0.0016899999999999693,0.914343,0.924964,57.847788635,2
B0006,29,3.5457,31.0149,1.85988,0.902255,126,Healthy,9.77,-0.008709999999999773,0.908345,0.919375,57.683992212,2
B0006,30,3.55832,30.9317,1.87371,0.908964,125,Healthy,9.1,0.012620000000000076,0.902255,0.914343,57.957035607,2
B0006,31,3.55586,31.101,1.93311,0.937783,124,Healthy,6.22,-0.0024600000000001288,0.908964,0.908345,60.12165411,2
B0006,32,3.55547,31.291,1.89047,0.917097,123,Healthy,8.29,-0.00038999999999989043,0.937783,0.902255,59.15469677,2
B0006,33,3.54526,31.1313,1.86883,0.906598,122,Healthy,9.34,-0.010210000000000274,0.917097,0.908964,58.179107379,2
B0006,34,3.53981,30.813,1.85277,0.898806,121,Warning,10.12,-0.005449999999999733,0.906598,0.937783,57.08940201,1
B0006,35,3.53452,30.7125,1.83204,0.888749,120,Warning,11.13,-0.005290000000000017,0.898806,0.917097,56.26652849999999,1
B0006,36,3.53149,31.2867,1.82705,0.886328,119,Warning,11.37,-0.0030300000000003102,0.888749,0.906598,57.162365235,1
B0006,37,3.52618,31.0484,1.81065,0.878373,118,Warning,12.16,-0.005309999999999704,0.886328,0.898806,56.21778546,1
B0006,38,3.52054,30.9501,1.79456,0.870567,117,Warning,12.94,-0.005640000000000089,0.878373,0.888749,55.541811456,1
B0006,39,3.51832,30.7923,1.78462,0.865745,116,Warning,13.43,-0.0022199999999998887,0.870567,0.886328,54.952554426000006,1
B0006,40,3.51309,31.088,1.77912,0.863077,115,Warning,13.69,-0.005230000000000068,0.865745,0.878373,55.30928256,1
B0006,41,3.51521,31.6786,1.76371,0.855605,114,Warning,14.44,0.002120000000000122,0.863077,0.870567,55.871863606000005,1
B0006,42,3.50958,31.8756,1.75288,0.85035,113,Warning,14.96,-0.005630000000000024,0.855605,0.865745,55.874101728,1
B0006,43,3.51298,31.5118,1.77099,0.859133,112,Warning,14.09,0.0034000000000000696,0.85035,0.863077,55.807082682,1
B0006,44,3.51689,31.4076,1.78469,0.865783,111,Warning,13.42,0.003909999999999858,0.859133,0.855605,56.052829644,1
B0006,45,3.5078,31.1263,1.74721,0.847598,110,Warning,15.24,-0.009090000000000042,0.865783,0.85035,54.384182623,1
B0006,46,3.50212,31.1391,1.72672,0.837661,109,Warning,16.23,-0.005679999999999907,0.847598,0.859133,53.768506752,1
B0006,47,3.50163,31.1393,1.7158,0.832363,108,Warning,16.76,-0.0004900000000001015,0.837661,0.865783,53.42881094,1
B0006,48,3.53892,33.6155,1.84243,0.893793,107,Warning,10.62,0.037290000000000045,0.832363,0.847598,61.93420566499999,1
B0006,49,3.5309,32.8768,1.82696,0.886286,106,Warning,11.37,-0.008020000000000138,0.893793,0.837661,60.064598528000005,1
B0006,50,3.52381,32.1779,1.78929,0.868014,105,Warning,13.2,-0.007089999999999819,0.886286,0.832363,57.575594691000006,1
B0006,51,3.51131,31.9353,1.7581,0.85288,104,Warning,14.71,-0.012500000000000178,0.868014,0.893793,56.14545093,1
B0006,52,3.51135,31.6809,1.74264,0.84538,103,Warning,15.46,4.000000000026205e-05,0.85288,0.886286,55.208403576,1
B0006,53,3.50357,31.8426,1.72153,0.835141,102,Warning,16.49,-0.007780000000000342,0.84538,0.868014,54.817991178,1
B0006,54,3.49801,32.2293,1.71098,0.830022,101,Warning,17.0,-0.005560000000000009,0.835141,0.85288,55.143687714,1
B0006,55,3.49558,32.0247,1.69555,0.822539,100,Warning,17.75,-0.002429999999999932,0.830022,0.84538,54.299480085,1
B0006,56,3.49111,31.9829,1.68493,0.817383,99,Warning,18.26,-0.004469999999999974,0.822539,0.835141,53.888947697000006,1
B0006,57,3.48512,31.9346,1.67425,0.812204,98,Warning,18.78,-0.005989999999999718,0.817383,0.830022,53.46650405,1
B0006,58,3.47553,32.2608,1.66469,0.807568,97,Warning,19.24,-0.00959000000000021,0.812204,0.822539,53.704231152000006,1
B0006,59,3.47669,32.5846,1.65884,0.804731,96,Warning,19.53,0.0011600000000000499,0.807568,0.817383,54.052637864000005,1
B0006,60,3.47363,32.4671,1.64266,0.796881,95,Critical,20.31,-0.0030600000000000627,0.804731,0.812204,53.332406486000004,0
B0006,61,3.47453,32.3869,1.6224,0.787052,94,Critical,21.29,0.0009000000000001229,0.796881,0.807568,52.544506559999995,0
B0006,62,3.46323,32.2576,1.62229,0.786999,93,Critical,21.3,-0.01130000000000031,0.787052,0.804731,52.331181904,0
B0006,63,3.46433,32.5826,1.61251,0.782253,92,Critical,21.77,0.001100000000000101,0.786999,0.796881,52.539768326,0
B0006,64,3.45829,32.2704,1.60115,0.776743,91,Critical,22.33,-0.006040000000000045,0.782253,0.787052,51.66975096000001,0
B0006,65,3.46275,32.4633,1.59644,0.774458,90,Critical,22.55,0.004460000000000353,0.776743,0.786999,51.825710652,0
B0006,66,3.45384,32.3937,1.58067,0.766809,89,Critical,23.32,-0.008910000000000196,0.774458,0.782253,51.203749779000006,0
B0006,67,3.45212,32.2818,1.57488,0.764,88,Critical,23.6,-0.0017200000000001658,0.766809,0.776743,50.839961183999996,0
B0006,68,3.45078,32.3544,1.56475,0.759085,87,Critical,24.09,-0.0013399999999998968,0.764,0.774458,50.6265474,0
B0006,69,3.44668,32.4168,1.55959,0.75658,86,Critical,24.34,-0.0040999999999997705,0.759085,0.766809,50.556917112,0
B0006,70,3.44201,32.5037,1.54419,0.749108,85,Critical,25.09,-0.004670000000000396,0.75658,0.764,50.191888503,0
B0006,71,3.44572,32.4684,1.54378,0.74891,84,Critical,25.11,0.003710000000000324,0.749108,0.759085,50.124066552,0
B0006,72,3.44104,32.5023,1.53828,0.746244,83,Critical,25.38,-0.0046800000000000175,0.74891,0.75658,49.997638044,0
B0006,73,3.44132,32.5708,1.52813,0.741321,82,Critical,25.87,0.000280000000000058,0.746244,0.749108,49.772416604,0
B0006,74,3.43854,32.5693,1.52294,0.738799,81,Critical,26.12,-0.0027800000000000047,0.741321,0.74891,49.601089742,0
B0006,75,3.43761,32.5439,1.51758,0.736202,80,Critical,26.38,-0.0009300000000003195,0.738799,0.746244,49.387971762,0
B0006,76,3.43875,32.4896,1.50706,0.731099,79,Critical,26.89,0.001140000000000363,0.736202,0.741321,48.96377657600001,0
B0006,77,3.43037,32.6239,1.50643,0.730794,78,Critical,26.92,-0.008380000000000276,0.731099,0.738799,49.145621676999994,0
B0006,78,3.44217,33.1428,1.54901,0.75145,77,Critical,24.86,0.011800000000000033,0.730794,0.736202,51.338528628,0
B0006,79,3.4394,32.5876,1.51767,0.736247,76,Critical,26.38,-0.002769999999999939,0.75145,0.731099,49.457222892000004,0
B0006,80,3.42753,32.5019,1.50755,0.731334,75,Critical,26.87,-0.011870000000000047,0.736247,0.730794,48.998239344999995,0
B0006,81,3.43157,32.6208,1.49182,0.723703,74,Critical,27.63,0.0040399999999998215,0.731334,0.75145,48.664361856,0
B0006,82,3.43133,33.1418,1.49211,0.723844,73,Critical,27.62,-0.00023999999999979593,0.723703,0.736247,49.45121119800001,0
B0006,83,3.43173,33.3618,1.48688,0.721311,72,Critical,27.87,0.00039999999999995595,0.723844,0.731334,49.604993184,0
B0006,84,3.42685,33.2966,1.48113,0.718519,71,Critical,28.15,-0.0048799999999999955,0.721311,0.723703,49.316593157999996,0
B0006,85,3.42374,33.0408,1.47052,0.713373,70,Critical,28.66,-0.003109999999999946,0.718519,0.723844,48.587157215999994,0
B0006,86,3.42114,32.8741,1.46553,0.710951,69,Critical,28.9,-0.0026000000000001577,0.713373,0.721311,48.177979773,0
B0006,87,3.42436,33.1855,1.4608,0.708656,68,Critical,29.13,0.0032200000000002227,0.710951,0.718519,48.4773784,0
B0006,88,3.42289,33.5059,1.46058,0.70855,67,Critical,29.14,-0.0014699999999998603,0.708656,0.713373,48.938047422,0
B0006,89,3.42444,33.5703,1.45522,0.705951,66,Critical,29.4,0.0015499999999999403,0.70855,0.710951,48.852171966,0
B0006,90,3.45132,33.1874,1.60715,0.779651,65,Critical,22.03,0.026879999999999793,0.705951,0.708656,53.337129909999994,0
B0006,91,3.44866,33.3515,1.55985,0.756706,64,Critical,24.33,-0.0026600000000001067,0.779651,0.70855,52.023337275,0
B0006,92,3.43803,33.3882,1.53349,0.743918,63,Critical,25.61,-0.010629999999999917,0.756706,0.705951,51.200470818,0
B0006,93,3.43581,33.2344,1.51251,0.733744,62,Critical,26.63,-0.0022199999999998887,0.743918,0.779651,50.267362344,0
B0006,94,3.42984,33.1539,1.50193,0.728608,61,Critical,27.14,-0.005970000000000031,0.733744,0.756706,49.794837027,0
B0006,95,3.42669,33.0777,1.48664,0.721193,60,Critical,27.88,-0.003150000000000208,0.728608,0.743918,49.174631928,0
B0006,96,3.42877,33.1321,1.47639,0.716219,59,Critical,28.38,0.002080000000000304,0.721193,0.733744,48.915901119000004,0
B0006,97,3.4246,33.2063,1.47069,0.713455,58,Critical,28.65,-0.004170000000000229,0.716219,0.728608,48.836173347,0
B0006,98,3.42252,33.2355,1.46051,0.708518,57,Critical,29.15,-0.0020799999999998597,0.713455,0.721193,48.540780105,0
B0006,99,3.42266,33.2654,1.45499,0.70584,56,Critical,29.42,0.000140000000000029,0.708518,0.716219,48.400824346,0
B0006,100,3.42053,33.3097,1.45006,0.703446,55,Critical,29.66,-0.0021300000000001873,0.70584,0.713455,48.301063582,0
B0006,101,3.41489,33.4331,1.45008,0.703456,54,Critical,29.65,-0.005639999999999645,0.703446,0.708518,48.480669648,0
B0006,102,3.41626,33.4044,1.4393,0.698228,53,Critical,30.18,0.0013699999999996493,0.703456,0.70584,48.078952920000006,0
B0006,103,3.41675,33.6983,1.43955,0.698348,52,Critical,30.17,0.0004900000000001015,0.698228,0.703446,48.51038776500001,0
B0006,104,3.42879,33.9907,1.46584,0.7111,51,Critical,28.89,0.012039999999999829,0.698348,0.703456,49.824927687999995,0
B0006,105,3.42535,33.9642,1.44519,0.701083,50,Critical,29.89,-0.0034399999999998876,0.7111,0.698228,49.084722197999994,0
B0006,106,3.41683,33.8501,1.43389,0.695604,49,Critical,30.44,-0.008519999999999861,0.701083,0.698348,48.537319889,0
B0006,107,3.41733,33.6469,1.42337,0.6905,48,Critical,30.95,0.000500000000000167,0.695604,0.7111,47.891988053000006,0
B0006,108,3.41733,33.7305,1.41856,0.688167,47,Critical,31.18,0.0,0.6905,0.701083,47.848738080000004,0
B0006,109,3.4195,33.9857,1.40887,0.683464,46,Critical,31.65,0.0021700000000000053,0.688167,0.695604,47.881433159000004,0
B0006,110,3.41966,34.1415,1.40817,0.683127,45,Critical,31.69,0.00015999999999971593,0.683464,0.6905,48.077036055,0
B0006,111,3.41119,33.951,1.4082,0.683139,44,Critical,31.69,-0.008469999999999978,0.683127,0.688167,47.809798199999996,0
B0006,112,3.41241,33.8285,1.39753,0.677964,43,Critical,32.2,0.0012199999999999989,0.683139,0.683464,47.276343604999994,0
B0006,113,3.40877,34.1008,1.39783,0.678107,42,Critical,32.19,-0.0036399999999998656,0.677964,0.683127,47.667121263999995,0
B0006,114,3.41154,34.3675,1.39229,0.675422,41,Critical,32.46,0.002769999999999939,0.678107,0.683139,47.849526575,0
B0006,115,3.41317,34.1848,1.38737,0.673034,40,Critical,32.7,0.0016300000000000203,0.675422,0.677964,47.426965976000005,0
B0006,116,3.40553,34.0117,1.38708,0.672893,39,Critical,32.71,-0.007639999999999869,0.673034,0.678107,47.176948836,0
B0006,117,3.40617,33.8914,1.38223,0.670542,38,Critical,32.95,0.0006399999999997519,0.672893,0.675422,46.845709821999996,0
B0006,118,3.41383,34.0783,1.37179,0.665478,37,Critical,33.45,0.00766,0.670542,0.673034,46.748271157,0
B0006,119,3.40765,34.4866,1.37745,0.668223,36,Critical,33.18,-0.006180000000000074,0.665478,0.672893,47.503567170000004,0
B0006,120,3.41457,34.2005,1.39782,0.678105,35,Critical,32.19,0.006920000000000037,0.668223,0.670542,47.80614291,0
B0006,121,3.4241,34.3385,1.41871,0.688238,34,Critical,31.18,0.00953000000000026,0.678105,0.665478,48.716373335,0
B0006,122,3.41329,34.1409,1.3976,0.677998,33,Critical,32.2,-0.010810000000000208,0.688238,0.668223,47.71532184,0
B0006,123,3.41357,33.8122,1.3819,0.670381,32,Critical,32.96,0.000280000000000058,0.677998,0.678105,46.725079179999994,0
B0006,124,3.40804,33.8253,1.37618,0.667608,31,Critical,33.24,-0.005529999999999813,0.670381,0.688238,46.549701354,0
B0006,125,3.41088,33.7993,1.36619,0.66276,30,Critical,33.72,0.0028399999999999537,0.667608,0.677998,46.176265667,0
B0006,126,3.40435,33.7978,1.36105,0.660266,29,Critical,33.97,-0.006530000000000147,0.66276,0.670381,46.00049569000001,0
B0006,127,3.40946,33.7202,1.35582,0.65773,28,Critical,34.23,0.00511000000000017,0.660266,0.667608,45.718521564,0
B0006,128,3.4069,33.6333,1.35012,0.654962,27,Critical,34.5,-0.0025600000000003398,0.65773,0.66276,45.408990996,0
B0006,129,3.41019,33.588,1.33955,0.649836,26,Critical,35.02,0.003290000000000237,0.654962,0.660266,44.9928054,0
B0006,130,3.40288,33.6337,1.3404,0.650248,25,Critical,34.98,-0.007309999999999928,0.649836,0.65773,45.08261148,0
B0006,131,3.40412,33.6168,1.34008,0.650095,24,Critical,34.99,0.0012399999999996858,0.650248,0.654962,45.049201344,0
B0006,132,3.40517,33.6291,1.32923,0.644831,23,Critical,35.52,0.0010500000000002174,0.650095,0.649836,44.700808593,0
B0006,133,3.40652,33.9378,1.33459,0.647431,22,Critical,35.26,0.0013499999999999623,0.644831,0.650248,45.293048502000005,0
B0006,134,3.4136,33.8397,1.36635,0.662839,21,Critical,33.72,0.007080000000000197,0.647431,0.650095,46.236874095,0
B0006,135,3.41623,33.5192,1.33962,0.649872,20,Critical,35.01,0.00262999999999991,0.662839,0.644831,44.902990704,0
B0006,136,3.4041,33.4171,1.33419,0.647235,19,Critical,35.28,-0.012129999999999974,0.649872,0.647431,44.584760648999996,0
B0006,137,3.40821,33.1476,1.31886,0.639798,18,Critical,36.02,0.004109999999999836,0.647235,0.662839,43.717043735999994,0
B0006,138,3.40606,33.5409,1.31928,0.640004,17,Critical,36.0,-0.0021499999999998742,0.639798,0.649872,44.249838552,0
B0006,139,3.4094,33.7428,1.31914,0.639935,16,Critical,36.01,0.0033400000000001207,0.640004,0.647235,44.511477192,0
B0006,140,3.40551,33.5258,1.3085,0.634773,15,Critical,36.52,-0.003890000000000171,0.639935,0.639798,43.86850929999999,0
B0006,141,3.40195,33.2691,1.30354,0.632369,14,Critical,36.76,-0.0035600000000002296,0.634773,0.640004,43.367602614,0
B0006,142,3.40961,33.0942,1.2929,0.627208,13,Critical,37.28,0.00766,0.632369,0.639935,42.787491179999996,0
B0006,143,3.40593,33.4015,1.29294,0.627226,12,Critical,37.28,-0.0036799999999996835,0.627208,0.634773,43.18613541,0
B0006,144,3.40597,33.4356,1.29303,0.627268,11,Critical,37.27,3.999999999981796e-05,0.627226,0.632369,43.233233868,0
B0006,145,3.4068,33.1816,1.27738,0.619678,10,Critical,38.03,0.0008300000000001084,0.627268,0.627208,42.385512208,0
B0006,146,3.40527,32.9151,1.27178,0.616959,9,Critical,38.3,-0.0015300000000002534,0.619678,0.627226,41.860765878,0
B0006,147,3.40143,32.949,1.27747,0.61972,8,Critical,38.03,-0.0038399999999998435,0.616959,0.627268,42.09135903,0
B0006,148,3.40502,33.2665,1.27216,0.617142,7,Critical,38.29,0.003589999999999982,0.61972,0.619678,42.32031064,0
B0006,149,3.40661,33.1858,1.26184,0.612139,6,Critical,38.79,0.0015900000000002024,0.617142,0.616959,41.875169872,0
B0006,150,3.41004,33.0715,1.26714,0.614711,5,Critical,38.53,0.003429999999999822,0.612139,0.61972,41.90622051,0
B0006,151,3.41831,33.7646,1.30356,0.632375,4,Critical,36.76,0.00827,0.614711,0.617142,44.014181976,0
B0006,152,3.41396,33.7854,1.27726,0.619621,3,Critical,38.04,-0.004350000000000076,0.632375,0.612139,43.15274000400001,0
B0006,153,3.41059,33.6531,1.26694,0.614614,2,Critical,38.54,-0.003369999999999873,0.619621,0.614711,42.636458514000005,0
B0006,154,3.41173,33.5636,1.25106,0.606908,1,Critical,39.31,0.0011399999999999189,0.614614,0.632375,41.990077416000005,0
B0006,155,3.40608,33.5449,1.24599,0.604449,0,Critical,39.56,-0.005649999999999711,0.606908,0.619621,41.79660995099999,0
B0007,1,3.5253,32.5858,1.91866,1.0,167,Healthy,0.0,0.0,1.0,1.0,62.521071028,2
B0007,2,3.53409,32.7182,1.90826,0.994581,166,Healthy,0.54,0.008789999999999853,1.0,0.994581,62.434832332000006,2
B0007,3,3.5344,32.6851,1.90827,0.994584,165,Healthy,0.54,0.0003100000000002545,0.994581,0.994584,62.371995776999995,2
B0007,4,3.53492,32.5547,1.90844,0.994676,164,Healthy,0.53,0.0005199999999998539,0.994584,1.0,62.128691667999995,2
B0007,5,3.53738,32.4345,1.90697,0.993905,163,Healthy,0.61,0.0024600000000001288,0.994676,0.994581,61.851618465,2
B0007,6,3.54116,32.4862,1.89724,0.988839,162,Healthy,1.12,0.0037799999999998946,0.993905,0.994584,61.634118087999994,2
B0007,7,3.54355,32.5306,1.89641,0.988403,161,Healthy,1.16,0.0023900000000001143,0.988839,0.994676,61.691355146,2
B0007,8,3.54946,32.4537,1.89793,0.989197,160,Healthy,1.08,0.005909999999999638,0.988403,0.993905,61.59485084099999,2
B0007,9,3.54967,32.383,1.89701,0.988718,159,Healthy,1.13,0.00021000000000004349,0.989197,0.988839,61.43087483000001,2
B0007,10,3.54469,32.3483,1.89762,0.989036,158,Healthy,1.1,-0.004979999999999762,0.988718,0.988403,61.38478104600001,2
B0007,11,3.54843,32.1833,1.89748,0.988962,157,Healthy,1.1,0.0037400000000000766,0.989036,0.989197,61.06716808400001,2
B0007,12,3.55604,32.3789,1.88712,0.983564,156,Healthy,1.64,0.007609999999999673,0.988962,0.988718,61.102869768,2
B0007,13,3.55703,32.3342,1.88658,0.983281,155,Healthy,1.67,0.0009900000000002684,0.983564,0.989036,61.001055036000004,2
B0007,14,3.55629,32.1478,1.88637,0.98317,154,Healthy,1.68,-0.0007399999999999629,0.983281,0.988962,60.642645486,2
B0007,15,3.56477,32.0138,1.87568,0.977599,153,Healthy,2.24,0.008480000000000043,0.98317,0.983564,60.04764438400001,2
B0007,16,3.56198,31.9247,1.88438,0.982133,152,Healthy,1.79,-0.00279000000000007,0.977599,0.983281,60.158266186,2
B0007,17,3.56596,31.8543,1.8752,0.977349,151,Healthy,2.27,0.0039799999999998725,0.982133,0.98317,59.73318336,2
B0007,18,3.56904,31.9,1.8648,0.971928,150,Healthy,2.81,0.0030800000000001937,0.977349,0.977599,59.48712,2
B0007,19,3.56995,31.8672,1.8647,0.97188,149,Healthy,2.81,0.0009099999999997443,0.971928,0.982133,59.42276784,2
B0007,20,3.54643,32.3522,1.90839,0.99465,148,Healthy,0.53,-0.023519999999999985,0.97188,0.977349,61.74061495800001,2
B0007,21,3.55704,32.5629,1.90902,0.994975,147,Healthy,0.5,0.01061000000000023,0.99465,0.971928,62.16322735799999,2
B0007,22,3.56006,32.2012,1.89744,0.988939,146,Healthy,1.11,0.0030199999999998006,0.994975,0.97188,61.099844928,2
B0007,23,3.55613,31.8482,1.90778,0.994331,145,Healthy,0.57,-0.003929999999999989,0.988939,0.99465,60.759358995999996,2
B0007,24,3.55239,31.737,1.89763,0.989041,144,Healthy,1.1,-0.0037400000000000766,0.994331,0.994975,60.225083309999995,2
B0007,25,3.57077,31.5171,1.88707,0.983537,143,Healthy,1.65,0.018380000000000063,0.989041,0.988939,59.474973897,2
B0007,26,3.56572,31.4429,1.88706,0.983528,142,Healthy,1.65,-0.005050000000000221,0.983537,0.994331,59.334638874,2
B0007,27,3.56785,31.3661,1.87641,0.977979,141,Healthy,2.2,0.0021300000000001873,0.983528,0.989041,58.855663701,2
B0007,28,3.56797,31.2857,1.87553,0.977521,140,Healthy,2.25,0.00011999999999989797,0.977979,0.983537,58.67726892099999,2
B0007,29,3.56463,31.3319,1.87569,0.977605,139,Healthy,2.24,-0.0033399999999996766,0.977521,0.983528,58.768931511000005,2
B0007,30,3.56898,31.3229,1.86555,0.972322,138,Healthy,2.77,0.004349999999999632,0.977605,0.977979,58.434436095,2
B0007,31,3.56462,31.6084,1.90228,0.991462,137,Healthy,0.85,-0.0043599999999996975,0.972322,0.977521,60.128027152,2
B0007,32,3.56595,31.8252,1.87617,0.977856,136,Healthy,2.21,0.0013299999999998313,0.991462,0.977605,59.70948548399999,2
B0007,33,3.56874,31.515,1.87116,0.975246,135,Healthy,2.48,0.00279000000000007,0.977856,0.972322,58.9696074,2
B0007,34,3.56424,31.1387,1.86596,0.972533,134,Healthy,2.75,-0.0045000000000001705,0.975246,0.991462,58.103568652,2
B0007,35,3.56353,31.0903,1.86112,0.970011,133,Healthy,3.0,-0.0007099999999997664,0.972533,0.977856,57.862779136,2
B0007,36,3.56366,31.6402,1.86136,0.970135,132,Healthy,2.99,0.00012999999999996348,0.970011,0.975246,58.893802672,2
B0007,37,3.56044,31.3534,1.85067,0.964564,131,Healthy,3.54,-0.0032200000000002227,0.970135,0.972533,58.024796778,2
B0007,38,3.56269,31.1547,1.8453,0.961764,130,Healthy,3.82,0.0022500000000000853,0.964564,0.970011,57.48976791,2
B0007,39,3.55981,30.9954,1.84066,0.959347,129,Healthy,4.07,-0.0028799999999997716,0.961764,0.970135,57.051992964,2
B0007,40,3.56125,31.2217,1.83553,0.956673,128,Healthy,4.33,0.0014399999999996638,0.959347,0.964564,57.308367001,2
B0007,41,3.56115,31.7448,1.83057,0.954087,127,Healthy,4.59,-9.999999999976694e-05,0.956673,0.961764,58.111078536,2
B0007,42,3.56163,31.9233,1.83017,0.953882,126,Healthy,4.61,0.00048000000000003595,0.954087,0.959347,58.425065961,2
B0007,43,3.56045,31.5812,1.82943,0.953495,125,Healthy,4.65,-0.001180000000000181,0.953882,0.956673,57.77559471599999,2
B0007,44,3.56049,31.2466,1.8251,0.951237,124,Healthy,4.88,4.000000000026205e-05,0.953495,0.954087,57.02816966,2
B0007,45,3.5567,30.9394,1.81463,0.94578,123,Healthy,5.42,-0.00378999999999996,0.951237,0.953882,56.143563422,2
B0007,46,3.55471,30.9302,1.79909,0.93768,122,Healthy,6.23,-0.0019900000000001583,0.94578,0.953495,55.646213518,2
B0007,47,3.55614,30.9207,1.7991,0.937686,121,Healthy,6.23,0.0014300000000000423,0.93768,0.951237,55.62943137,2
B0007,48,3.569,33.8806,1.83408,0.955917,120,Healthy,4.41,0.012859999999999872,0.937686,0.94578,62.139730848,2
B0007,49,3.57106,33.0383,1.83454,0.956157,119,Healthy,4.38,0.002060000000000173,0.955917,0.93768,60.610082882,2
B0007,50,3.56669,32.2733,1.81914,0.948129,118,Healthy,5.19,-0.004370000000000207,0.956157,0.937686,58.709650962,2
B0007,51,3.56333,31.9379,1.80925,0.942978,117,Healthy,5.7,-0.0033599999999998076,0.948129,0.955917,57.783645575,2
B0007,52,3.56113,31.6665,1.79912,0.937696,116,Healthy,6.23,-0.002200000000000202,0.942978,0.956157,56.97183348,2
B0007,53,3.55889,31.7563,1.79408,0.935072,115,Healthy,6.49,-0.0022400000000000198,0.937696,0.948129,56.973342704,2
B0007,54,3.55501,32.1339,1.78903,0.932436,114,Healthy,6.76,-0.0038800000000001056,0.935072,0.942978,57.488511116999994,2
B0007,55,3.55476,31.8672,1.77887,0.927142,113,Healthy,7.29,-0.00024999999999986144,0.932436,0.937696,56.687606064,2
B0007,56,3.54719,31.8174,1.77379,0.924493,112,Healthy,7.55,-0.007569999999999855,0.927142,0.935072,56.437385946,2
B0007,57,3.54491,31.7468,1.77364,0.924417,111,Healthy,7.56,-0.002280000000000282,0.924493,0.932436,56.307394352,2
B0007,58,3.54699,31.9336,1.76389,0.919335,110,Healthy,8.07,0.002080000000000304,0.924417,0.927142,56.32735770399999,2
B0007,59,3.54963,32.2538,1.7584,0.916471,109,Healthy,8.35,0.0026399999999999757,0.919335,0.924493,56.715081919999996,2
B0007,60,3.54083,32.1288,1.75268,0.913492,108,Healthy,8.65,-0.008799999999999919,0.916471,0.924417,56.311505184,2
B0007,61,3.54442,31.9987,1.74272,0.9083,107,Healthy,9.17,0.003589999999999982,0.913492,0.919335,55.764774464,2
B0007,62,3.5379,31.8354,1.73814,0.905915,106,Healthy,9.41,-0.006520000000000081,0.9083,0.916471,55.334382156000004,2
B0007,63,3.54068,32.1379,1.73276,0.903109,105,Healthy,9.69,0.0027800000000000047,0.905915,0.913492,55.687267604000006,2
B0007,64,3.5383,32.0557,1.72791,0.900584,104,Healthy,9.94,-0.0023800000000000487,0.903109,0.9083,55.389364587,2
B0007,65,3.54064,32.2913,1.72286,0.897952,103,Warning,10.2,0.0023399999999997867,0.900584,0.905915,55.633389118000004,1
B0007,66,3.53824,32.1689,1.71245,0.892522,102,Warning,10.75,-0.0023999999999997357,0.897952,0.903109,55.087632805000005,1
B0007,67,3.53299,32.0995,1.7065,0.889424,101,Warning,11.06,-0.005250000000000199,0.892522,0.900584,54.77779674999999,1
B0007,68,3.53281,32.0914,1.70197,0.887063,100,Warning,11.29,-0.00017999999999984695,0.889424,0.897952,54.618600058,1
B0007,69,3.53178,32.182,1.69677,0.884353,99,Warning,11.56,-0.0010300000000000864,0.887063,0.892522,54.60545214,1
B0007,70,3.52978,32.2344,1.69724,0.884598,98,Warning,11.54,-0.0019999999999997797,0.884353,0.889424,54.709513056000006,1
B0007,71,3.52617,32.2373,1.69144,0.881577,97,Warning,11.84,-0.003610000000000113,0.884598,0.887063,54.527458712,1
B0007,72,3.52657,32.2175,1.68107,0.876171,96,Warning,12.38,0.00039999999999995595,0.881577,0.884353,54.15987272500001,1
B0007,73,3.5245,32.2341,1.67627,0.87367,95,Warning,12.63,-0.0020699999999997942,0.876171,0.884598,54.03305480699999,1
B0007,74,3.52285,32.2283,1.6714,0.87113,94,Warning,12.89,-0.0016500000000001513,0.87367,0.881577,53.866380619999994,1
B0007,75,3.52524,32.1364,1.66609,0.868359,93,Warning,13.16,0.0023900000000001143,0.87113,0.876171,53.542134676,1
B0007,76,3.52062,32.1479,1.66059,0.865493,92,Warning,13.45,-0.0046200000000000685,0.868359,0.87367,53.384481261,1
B0007,77,3.51803,32.012,1.66553,0.868071,91,Warning,13.19,-0.0025900000000000922,0.865493,0.87113,53.316946359999996,1
B0007,78,3.52122,32.5067,1.66529,0.867946,90,Warning,13.21,0.003190000000000026,0.868071,0.868359,54.133082443,1
B0007,79,3.51805,31.9394,1.65044,0.860203,89,Warning,13.98,-0.003169999999999895,0.867946,0.865493,52.714063335999995,1
B0007,80,3.51318,31.7749,1.65064,0.86031,88,Warning,13.97,-0.00486999999999993,0.860203,0.868071,52.448920936,1
B0007,81,3.51449,31.9327,1.64067,0.855113,87,Warning,14.49,0.0013099999999997003,0.86031,0.867946,52.391022909,1
B0007,82,3.51445,32.3711,1.63996,0.854744,86,Warning,14.53,-3.999999999981796e-05,0.855113,0.860203,53.087309156,1
B0007,83,3.5177,32.5921,1.6356,0.852472,85,Warning,14.75,0.003249999999999975,0.854744,0.86031,53.30763876,1
B0007,84,3.51584,32.518,1.62972,0.849405,84,Warning,15.06,-0.0018600000000001948,0.852472,0.855113,52.995234960000005,1
B0007,85,3.50935,32.2839,1.63001,0.849559,83,Warning,15.04,-0.006489999999999885,0.849405,0.854744,52.623079839000006,1
B0007,86,3.50763,31.9847,1.62532,0.847114,82,Warning,15.29,-0.0017200000000001658,0.849559,0.852472,51.985372604000005,1
B0007,87,3.50921,32.3653,1.61515,0.841815,81,Warning,15.82,0.0015800000000001369,0.847114,0.849405,52.274814295,1
B0007,88,3.50587,32.7207,1.60907,0.838642,80,Warning,16.14,-0.0033400000000001207,0.841815,0.849559,52.649896749,1
B0007,89,3.50408,32.7503,1.6093,0.838761,79,Warning,16.12,-0.0017899999999997362,0.838642,0.847114,52.705057790000005,1
B0007,90,3.52954,32.4805,1.71305,0.89284,78,Warning,10.72,0.025459999999999816,0.838761,0.841815,55.640720525,1
B0007,91,3.52143,32.8943,1.65018,0.860071,77,Warning,13.99,-0.00810999999999984,0.89284,0.838642,54.281515974,1
B0007,92,3.51361,32.9501,1.6451,0.85742,76,Warning,14.26,-0.00782000000000016,0.860071,0.838761,54.20620951,1
B0007,93,3.51377,32.7431,1.62979,0.849443,75,Warning,15.06,0.00016000000000016001,0.85742,0.89284,53.364376949,1
B0007,94,3.51077,32.5973,1.61909,0.843864,74,Warning,15.61,-0.0030000000000001137,0.849443,0.860071,52.777962456999994,1
B0007,95,3.50906,32.4991,1.61458,0.841517,73,Warning,15.85,-0.0017100000000001003,0.843864,0.85742,52.472396878,1
B0007,96,3.51418,32.4526,1.60952,0.838879,72,Warning,16.11,0.0051200000000002355,0.841517,0.849443,52.233108752,1
B0007,97,3.50638,32.6064,1.6093,0.838764,71,Warning,16.12,-0.007800000000000029,0.838879,0.843864,52.47347952,1
B0007,98,3.50908,32.6011,1.59941,0.833607,70,Warning,16.64,0.0026999999999999247,0.838764,0.841517,52.142525351,1
B0007,99,3.50991,32.5498,1.59404,0.830812,69,Warning,16.92,0.0008300000000001084,0.833607,0.838879,51.885683191999995,1
B0007,100,3.50652,32.6747,1.58923,0.828305,68,Warning,17.17,-0.003390000000000004,0.830812,0.838764,51.927613481,1
B0007,101,3.50007,32.7246,1.58943,0.828405,67,Warning,17.16,-0.006450000000000067,0.828305,0.833607,52.013460978,1
B0007,102,3.50191,32.6808,1.58394,0.825544,66,Warning,17.45,0.0018400000000000638,0.828405,0.830812,51.764426351999994,1
B0007,103,3.50486,32.641,1.58921,0.828294,65,Warning,17.17,0.002949999999999786,0.825544,0.828305,51.87340361,1
B0007,104,3.50853,33.3649,1.59916,0.833481,64,Warning,16.65,0.003670000000000062,0.828294,0.828405,53.355813483999995,1
B0007,105,3.50523,33.2196,1.58947,0.828428,63,Warning,17.16,-0.0032999999999998586,0.833481,0.825544,52.801557611999996,1
B0007,106,3.50693,33.0888,1.5786,0.82276,62,Warning,17.72,0.0017000000000000348,0.828428,0.828294,52.23397968,1
B0007,107,3.50073,32.854,1.57408,0.820406,61,Warning,17.96,-0.006200000000000205,0.82276,0.833481,51.71482432,1
B0007,108,3.50228,32.9264,1.56811,0.817293,60,Warning,18.27,0.0015499999999999403,0.820406,0.828428,51.632217104,1
B0007,109,3.4991,33.2282,1.56919,0.817859,59,Warning,18.21,-0.0031799999999999606,0.817293,0.82276,52.14135915800001,1
B0007,110,3.50336,33.2914,1.56342,0.814851,58,Warning,18.51,0.0042599999999999305,0.817859,0.820406,52.048440588000005,1
B0007,111,3.49877,33.0768,1.55846,0.812264,57,Warning,18.77,-0.004589999999999872,0.814851,0.817293,51.548869728,1
B0007,112,3.49912,32.9377,1.55297,0.809407,56,Warning,19.06,0.0003500000000000725,0.812264,0.817859,51.151259968999994,1
B0007,113,3.50113,33.1499,1.55318,0.809515,55,Warning,19.05,0.0020099999999998452,0.809407,0.814851,51.487761682000006,1
B0007,114,3.4985,33.4027,1.55325,0.809551,54,Warning,19.04,-0.00262999999999991,0.809515,0.812264,51.88274377500001,1
B0007,115,3.49266,33.3824,1.54807,0.806851,53,Warning,19.31,-0.005840000000000067,0.809551,0.809407,51.678291967999996,1
B0007,116,3.49378,33.1054,1.54285,0.804131,52,Warning,19.59,0.001120000000000232,0.806851,0.809515,51.07666639000001,1
B0007,117,3.49403,32.9141,1.53796,0.801583,51,Warning,19.84,0.00024999999999986144,0.804131,0.809551,50.620569235999994,1
B0007,118,3.49192,33.2231,1.53779,0.801492,50,Warning,19.85,-0.0021100000000000563,0.801583,0.806851,51.090150949000005,1
B0007,119,3.49678,33.5357,1.53817,0.801693,49,Warning,19.83,0.0048600000000003085,0.801492,0.804131,51.583607668999996,1
B0007,120,3.49417,33.2712,1.55814,0.8121,48,Warning,18.79,-0.0026100000000002233,0.801693,0.801583,51.841187568,1
B0007,121,3.50187,33.3945,1.55799,0.812018,47,Warning,18.8,0.007699999999999818,0.8121,0.801492,52.028297055,1
B0007,122,3.49608,33.0647,1.54789,0.806757,46,Warning,19.32,-0.00578999999999974,0.812018,0.801693,51.180518483,1
B0007,123,3.49021,32.8449,1.54297,0.804191,45,Warning,19.58,-0.005870000000000264,0.806757,0.8121,50.678695353,1
B0007,124,3.49263,32.7306,1.53193,0.798436,44,Critical,20.16,0.002420000000000311,0.804191,0.812018,50.140988058000005,0
B0007,125,3.49106,32.7211,1.52735,0.796053,43,Critical,20.39,-0.0015700000000000713,0.798436,0.806757,49.976572085,0
B0007,126,3.49128,32.6694,1.52203,0.79328,42,Critical,20.67,0.000220000000000109,0.796053,0.804191,49.723806882000005,0
B0007,127,3.48913,32.6403,1.52226,0.793401,41,Critical,20.66,-0.0021500000000003183,0.79328,0.798436,49.687023078,0
B0007,128,3.48994,32.5469,1.5113,0.787687,40,Critical,21.23,0.0008099999999999774,0.793401,0.796053,49.188129970000006,0
B0007,129,3.48353,32.5489,1.51172,0.787904,39,Critical,21.21,-0.006409999999999805,0.787687,0.79328,49.20482310800001,0
B0007,130,3.48528,32.5082,1.50675,0.785313,38,Critical,21.47,0.0017499999999999183,0.787904,0.793401,48.98173035000001,0
B0007,131,3.48504,32.5968,1.50164,0.782651,37,Critical,21.73,-0.00023999999999979593,0.785313,0.787687,48.94865875200001,0
B0007,132,3.47712,32.5922,1.50634,0.7851,36,Critical,21.49,-0.007919999999999927,0.782651,0.787904,49.094934548,0
B0007,133,3.48307,32.8442,1.50613,0.784989,35,Critical,21.5,0.0059499999999999,0.7851,0.785313,49.467634946,0
B0007,134,3.49328,33.004,1.52225,0.793395,34,Critical,20.66,0.01020999999999983,0.784989,0.782651,50.240339,0
B0007,135,3.49016,32.8061,1.50623,0.785044,33,Critical,21.5,-0.0031200000000000117,0.793395,0.7851,49.413532003,0
B0007,136,3.48288,32.6333,1.50132,0.782484,32,Critical,21.75,-0.007279999999999731,0.785044,0.784989,48.993025956,0
B0007,137,3.47513,32.5073,1.49626,0.779848,31,Critical,22.02,-0.007750000000000146,0.782484,0.793395,48.639372697999995,0
B0007,138,3.48181,32.8053,1.49111,0.777162,30,Critical,22.28,0.006679999999999797,0.779848,0.785044,48.916310883,0
B0007,139,3.47529,33.1084,1.48567,0.774328,29,Critical,22.57,-0.006519999999999637,0.777162,0.782484,49.18815662800001,0
B0007,140,3.47775,32.8094,1.48598,0.77449,28,Critical,22.55,0.0024599999999996847,0.774328,0.779848,48.754112211999995,0
B0007,141,3.47737,32.4977,1.48091,0.771847,27,Critical,22.82,-0.0003799999999998249,0.77449,0.777162,48.126168907,0
B0007,142,3.47564,32.3994,1.47559,0.769072,26,Critical,23.09,-0.0017300000000002314,0.771847,0.774328,47.808230646,0
B0007,143,3.47606,32.6744,1.47584,0.769205,25,Critical,23.08,0.00042000000000008697,0.769072,0.77449,48.222186496,0
B0007,144,3.47767,32.751,1.47103,0.766696,24,Critical,23.33,0.0016099999999998893,0.769205,0.771847,48.177703529999995,0
B0007,145,3.47029,32.5539,1.47102,0.76669,23,Critical,23.33,-0.007379999999999942,0.766696,0.769072,47.887437978,0
B0007,146,3.46603,32.3517,1.46557,0.763854,22,Critical,23.61,-0.0042599999999999305,0.76669,0.769205,47.413680969000005,0
B0007,147,3.47099,32.1956,1.46046,0.761191,21,Critical,23.88,0.0049600000000000755,0.763854,0.766696,47.020385976,0
B0007,148,3.47063,32.5494,1.46104,0.761491,20,Critical,23.85,-0.000360000000000138,0.761191,0.76669,47.55597537599999,0
B0007,149,3.47042,32.5553,1.4605,0.761211,19,Critical,23.88,-0.00021000000000004349,0.761491,0.763854,47.54701565,0
B0007,150,3.46568,32.1879,1.46606,0.764107,18,Critical,23.59,-0.0047399999999999665,0.761211,0.761191,47.189392674,0
B0007,151,3.48143,32.5756,1.48611,0.774558,17,Critical,22.54,0.015750000000000153,0.764107,0.761491,48.410924916000006,0
B0007,152,3.47358,32.6385,1.47605,0.769316,16,Critical,23.07,-0.007849999999999913,0.774558,0.761211,48.176057925,0
B0007,153,3.47856,32.3992,1.46608,0.764117,15,Critical,23.59,0.004979999999999762,0.769316,0.764107,47.499819136,0
B0007,154,3.47709,32.3472,1.46068,0.761305,14,Critical,23.87,-0.0014699999999998603,0.764117,0.774558,47.248908096,0
B0007,155,3.47269,32.3401,1.45582,0.75877,13,Critical,24.12,-0.0043999999999999595,0.761305,0.769316,47.081364382,0
B0007,156,3.4635,32.4172,1.45607,0.758898,12,Critical,24.11,-0.009190000000000254,0.75877,0.764117,47.201712404,0
B0007,157,3.47054,32.2625,1.45047,0.75598,11,Critical,24.4,0.007040000000000379,0.758898,0.761305,46.795788375,0
B0007,158,3.47307,32.2353,1.44495,0.753102,10,Critical,24.69,0.002529999999999699,0.75598,0.75877,46.578396735000005,0
B0007,159,3.46939,32.2245,1.44553,0.753404,9,Critical,24.66,-0.0036799999999996835,0.753102,0.758898,46.581481485,0
B0007,160,3.46818,32.3583,1.44056,0.750815,8,Critical,24.92,-0.0012100000000003774,0.753404,0.75598,46.614072648000004,0
B0007,161,3.46551,32.3825,1.44086,0.750973,7,Critical,24.9,-0.002669999999999728,0.750815,0.753102,46.65864895,0
B0007,162,3.46963,32.4004,1.43507,0.747957,6,Critical,25.2,0.0041199999999999015,0.750973,0.753404,46.496842027999996,0
B0007,163,3.4628,32.4015,1.43527,0.74806,5,Critical,25.19,-0.006829999999999892,0.747957,0.750815,46.504900905,0
B0007,164,3.46395,32.3716,1.43044,0.745539,4,Critical,25.45,0.0011499999999999844,0.74806,0.750973,46.305631504,0
B0007,165,3.46202,32.4763,1.43054,0.745594,3,Critical,25.44,-0.0019300000000002093,0.745539,0.747957,46.458646202,0
B0007,166,3.45992,32.5611,1.42469,0.742543,2,Critical,25.75,-0.0020999999999999908,0.745594,0.74806,46.389473559,0
B0007,167,3.46618,32.7484,1.44597,0.753638,1,Critical,24.64,0.006260000000000154,0.742543,0.745539,47.353203947999994,0
B0007,168,3.48003,32.8545,1.45666,0.759208,0,Critical,24.08,0.01385000000000014,0.753638,0.745594,47.857835970000004,0
B0018,1,3.53198,31.7322,1.86286,1.0,131,Healthy,0.0,0.0,1.0,1.0,59.112646092,2
B0018,2,3.53668,31.9049,1.85106,0.993665,130,Healthy,0.63,0.0047000000000001485,1.0,0.993665,59.057884194,2
B0018,3,3.54258,31.272,1.85851,0.997665,129,Healthy,0.23,0.005900000000000016,0.993665,0.997665,58.11932472,2
B0018,4,3.54393,30.7537,1.84451,0.990149,128,Healthy,0.99,0.0013499999999999623,0.997665,1.0,56.725507187,2
B0018,5,3.54889,31.8862,1.8466,0.991271,127,Healthy,0.87,0.0049600000000000755,0.990149,0.993665,58.88105692,2
B0018,6,3.54976,31.9767,1.84778,0.991904,126,Healthy,0.81,0.0008699999999999264,0.991271,0.997665,59.085906726000005,2
B0018,7,3.54947,31.6127,1.82383,0.979049,125,Healthy,2.1,-0.0002900000000001235,0.991904,0.990149,57.656190641,2
B0018,8,3.55035,31.2269,1.82384,0.979053,124,Healthy,2.09,0.0008799999999999919,0.979049,0.991271,56.952869295999996,2
B0018,9,3.54677,31.072,1.81253,0.972981,123,Healthy,2.7,-0.0035799999999999166,0.979053,0.991904,56.318932159999996,2
B0018,10,3.54555,31.1062,1.83139,0.983105,122,Healthy,1.69,-0.0012199999999999989,0.972981,0.979049,56.967583618000006,2
B0018,11,3.55105,31.4482,1.83169,0.983265,121,Healthy,1.67,0.00550000000000006,0.983105,0.979053,57.603353458,2
B0018,12,3.5533,31.2178,1.80745,0.970255,120,Healthy,2.97,0.0022500000000000853,0.983265,0.972981,56.424612610000004,2
B0018,13,3.55783,30.7188,1.80481,0.968836,119,Healthy,3.12,0.004529999999999923,0.970255,0.983105,55.441597428,2
B0018,14,3.54617,30.4787,1.79753,0.964927,118,Healthy,3.51,-0.011660000000000004,0.968836,0.983265,54.786377611,2
B0018,15,3.54415,30.7965,1.78943,0.960584,117,Healthy,3.94,-0.0020199999999999108,0.964927,0.970255,55.108180995000005,2
B0018,16,3.54948,31.3521,1.78591,0.958693,116,Healthy,4.13,0.005329999999999835,0.960584,0.968836,55.992028911000006,2
B0018,17,3.55014,31.415,1.78282,0.957033,115,Healthy,4.3,0.0006599999999998829,0.958693,0.964927,56.0072903,2
B0018,18,3.55203,30.959,1.75646,0.942881,114,Healthy,5.71,0.0018899999999999473,0.957033,0.960584,54.37824514,2
B0018,19,3.54757,30.3941,1.74903,0.938897,113,Healthy,6.11,-0.0044599999999999085,0.942881,0.958693,53.16019272300001,2
B0018,20,3.539,30.1475,1.75787,0.943641,112,Healthy,5.64,-0.008569999999999744,0.938897,0.957033,52.995385825,2
B0018,21,3.53672,30.0423,1.73439,0.931038,111,Healthy,6.9,-0.002280000000000282,0.943641,0.942881,52.105064697,2
B0018,22,3.53833,30.0793,1.72374,0.925318,110,Healthy,7.47,0.0016100000000003334,0.931038,0.938897,51.848892582000005,2
B0018,23,3.53906,30.035,1.72585,0.926452,109,Healthy,7.35,0.0007299999999998974,0.925318,0.943641,51.835904750000005,2
B0018,24,3.52941,30.1034,1.7104,0.918159,108,Healthy,8.18,-0.009650000000000158,0.926452,0.931038,51.488855359999995,2
B0018,25,3.54538,30.0249,1.7585,0.943978,107,Healthy,5.6,0.015970000000000262,0.918159,0.925318,52.79878665,2
B0018,26,3.53608,30.913,1.75334,0.941208,106,Healthy,5.88,-0.009300000000000086,0.943978,0.926452,54.200999419999995,2
B0018,27,3.54264,31.3101,1.72513,0.926067,105,Healthy,7.39,0.006559999999999899,0.941208,0.918159,54.013992813,2
B0018,28,3.54019,31.2723,1.7265,0.926802,104,Healthy,7.32,-0.0024500000000000632,0.926067,0.943978,53.99162595,2
B0018,29,3.53841,30.9524,1.70832,0.917039,103,Healthy,8.3,-0.0017800000000001148,0.926802,0.941208,52.876603968000005,2
B0018,30,3.53796,30.8427,1.7036,0.914507,102,Healthy,8.55,-0.0004499999999998394,0.917039,0.926067,52.54362372,2
B0018,31,3.53951,30.8607,1.69146,0.907988,101,Healthy,9.2,0.0015499999999999403,0.914507,0.926802,52.199639622,2
B0018,32,3.53313,31.2385,1.68656,0.905362,100,Healthy,9.46,-0.006380000000000052,0.907988,0.917039,52.68560456,2
B0018,33,3.52967,31.436,1.68036,0.902033,99,Healthy,9.8,-0.0034600000000000186,0.905362,0.914507,52.82379696,2
B0018,34,3.53053,31.1541,1.66682,0.894765,98,Warning,10.52,0.000860000000000305,0.902033,0.907988,51.928276962,1
B0018,35,3.52487,30.9977,1.66425,0.893383,97,Warning,10.66,-0.00566000000000022,0.894765,0.905362,51.587922225,1
B0018,36,3.52217,30.789,1.66054,0.891394,96,Warning,10.86,-0.0026999999999999247,0.893383,0.902033,51.12636606,1
B0018,37,3.52349,30.806,1.63749,0.879021,95,Warning,12.1,0.0013199999999997658,0.891394,0.894765,50.44451694,1
B0018,38,3.51615,31.1526,1.64359,0.882292,94,Warning,11.77,-0.00733999999999968,0.879021,0.893383,51.202101834000004,1
B0018,39,3.51486,31.263,1.63019,0.875103,93,Warning,12.49,-0.0012900000000000134,0.882292,0.891394,50.964629970000004,1
B0018,40,3.5252,30.5975,1.69751,0.911238,92,Healthy,8.88,0.010339999999999794,0.875103,0.879021,51.939562225,2
B0018,41,3.52334,30.8399,1.65237,0.887005,91,Warning,11.3,-0.0018599999999997507,0.911238,0.882292,50.958925562999994,1
B0018,42,3.52072,30.6239,1.65391,0.887835,90,Warning,11.22,-0.0026200000000002888,0.887005,0.875103,50.649174449,1
B0018,43,3.51553,30.4374,1.62599,0.872847,89,Warning,12.72,-0.005189999999999806,0.887835,0.911238,49.490908026,1
B0018,44,3.51664,30.1704,1.62611,0.87291,88,Warning,12.71,0.0011100000000001664,0.872847,0.887005,49.060389144,1
B0018,45,3.50761,30.2248,1.60504,0.8616,87,Warning,13.84,-0.009030000000000094,0.87291,0.887835,48.512012991999995,1
B0018,46,3.53671,30.4362,1.74764,0.938147,86,Healthy,6.19,0.02909999999999968,0.8616,0.872847,53.191520568,2
B0018,47,3.53162,30.6544,1.71963,0.923114,85,Healthy,7.69,-0.005089999999999595,0.938147,0.87291,52.714225872,2
B0018,48,3.53941,30.4467,1.6989,0.911985,84,Healthy,8.8,0.007789999999999964,0.923114,0.8616,51.72589863,2
B0018,49,3.53615,30.4015,1.68745,0.905836,83,Healthy,9.42,-0.0032600000000000406,0.911985,0.938147,51.30101117499999,2
B0018,50,3.52335,30.4552,1.67554,0.899445,82,Warning,10.06,-0.012799999999999923,0.905836,0.923114,51.028905808000005,1
B0018,51,3.53184,31.0947,1.68136,0.902569,81,Healthy,9.74,0.008489999999999664,0.899445,0.911985,52.281384792,2
B0018,52,3.53268,30.9487,1.66287,0.892643,80,Warning,10.74,0.0008400000000001739,0.902569,0.905836,51.463664769,1
B0018,53,3.52719,30.8011,1.64107,0.88094,79,Warning,11.91,-0.005489999999999995,0.892643,0.899445,50.546761177,1
B0018,54,3.51579,30.7172,1.62156,0.870466,78,Warning,12.95,-0.011400000000000077,0.88094,0.902569,49.809782831999996,1
B0018,55,3.51928,30.5962,1.62203,0.870719,77,Warning,12.93,0.003490000000000215,0.870466,0.892643,49.627954286000005,1
B0018,56,3.52513,30.649,1.68372,0.903836,76,Healthy,9.62,0.005849999999999689,0.870719,0.88094,51.60433428,2
B0018,57,3.53218,30.8201,1.65566,0.888774,75,Warning,11.12,0.007050000000000001,0.903836,0.870466,51.027606766,1
B0018,58,3.52264,30.8555,1.62293,0.871202,74,Warning,12.88,-0.009539999999999882,0.888774,0.870719,50.076316614999996,1
B0018,59,3.52071,30.7093,1.60852,0.863468,73,Warning,13.65,-0.0019300000000002093,0.871202,0.903836,49.396523236,1
B0018,60,3.51653,30.6166,1.60185,0.859885,72,Warning,14.01,-0.0041799999999998505,0.863468,0.888774,49.043200709999994,1
B0018,61,3.51175,30.6686,1.59533,0.856388,71,Warning,14.36,-0.004779999999999784,0.859885,0.871202,48.926537638,1
B0018,62,3.51149,30.8175,1.58607,0.851416,70,Warning,14.86,-0.00026000000000037105,0.856388,0.863468,48.878712225,1
B0018,63,3.50354,30.8963,1.55885,0.836804,69,Warning,16.32,-0.00794999999999968,0.851416,0.859885,48.162697255000005,1
B0018,64,3.50444,30.8232,1.56221,0.838608,68,Warning,16.14,0.0009000000000001229,0.836804,0.856388,48.152311272000006,1
B0018,65,3.49755,30.7601,1.54205,0.827784,67,Warning,17.22,-0.006890000000000285,0.838608,0.851416,47.433612205,1
B0018,66,3.50491,30.5969,1.5485,0.831249,66,Warning,16.88,0.007360000000000255,0.827784,0.836804,47.37929965,1
B0018,67,3.50273,30.4866,1.52545,0.818877,65,Warning,18.11,-0.0021800000000000708,0.831249,0.838608,46.505783969999996,1
B0018,68,3.49199,30.6141,1.52351,0.817831,64,Warning,18.22,-0.010740000000000194,0.818877,0.827784,46.640887491,1
B0018,69,3.49211,30.5756,1.52363,0.817899,63,Warning,18.21,0.00011999999999989797,0.817831,0.831249,46.58590142800001,1
B0018,70,3.48493,30.5725,1.50629,0.808587,62,Warning,19.14,-0.007179999999999964,0.817899,0.818877,46.051051025,1
B0018,71,3.50351,30.6561,1.55586,0.835197,61,Warning,16.48,0.01858000000000004,0.808587,0.817831,47.696599746,1
B0018,72,3.49455,31.1274,1.52718,0.819802,60,Warning,18.02,-0.008960000000000079,0.835197,0.817899,47.537142732,1
B0018,73,3.48908,31.0457,1.51119,0.81122,59,Warning,18.88,-0.005469999999999864,0.819802,0.808587,46.915951383,1
B0018,74,3.48505,31.0828,1.50247,0.806539,58,Warning,19.35,-0.004029999999999756,0.81122,0.835197,46.700974515999995,1
B0018,75,3.49648,30.673,1.50056,0.805515,57,Warning,19.45,0.01142999999999983,0.806539,0.819802,46.02667688,1
B0018,76,3.48255,30.9268,1.50329,0.806978,56,Warning,19.3,-0.01393000000000022,0.805515,0.81122,46.491949172,1
B0018,77,3.48644,30.9301,1.47692,0.792824,55,Critical,20.72,0.003890000000000171,0.806978,0.806539,45.681283291999996,0
B0018,78,3.48698,31.0744,1.49069,0.800215,54,Warning,19.98,0.0005399999999999849,0.792824,0.805515,46.322297336000005,1
B0018,79,3.48082,31.0033,1.47549,0.792057,53,Critical,20.79,-0.006159999999999943,0.800215,0.806978,45.745059117,0
B0018,80,3.47521,30.8785,1.47055,0.789403,52,Critical,21.06,-0.005609999999999893,0.792057,0.792824,45.408378174999996,0
B0018,81,3.48238,30.5464,1.47032,0.789281,51,Critical,21.07,0.007169999999999899,0.789403,0.800215,44.912982848,0
B0018,82,3.47806,30.7342,1.45838,0.782869,50,Critical,21.71,-0.0043199999999998795,0.789281,0.792057,44.822142596,0
B0018,83,3.48149,31.0392,1.45002,0.778385,49,Critical,22.16,0.003429999999999822,0.782869,0.789403,45.007460784,0
B0018,84,3.47562,31.2005,1.43896,0.772445,48,Critical,22.76,-0.00586999999999982,0.778385,0.789281,44.89627148,0
B0018,85,3.47846,30.9326,1.43564,0.770665,47,Critical,22.93,0.0028399999999999537,0.772445,0.782869,44.408077864,0
B0018,86,3.48286,30.9015,1.4928,0.801346,46,Warning,19.87,0.0043999999999999595,0.770665,0.778385,46.129759199999995,1
B0018,87,3.47997,31.0077,1.47563,0.792133,45,Critical,20.79,-0.0028900000000002812,0.801346,0.772445,45.755892351,0
B0018,88,3.47554,30.8547,1.45369,0.780351,44,Critical,21.96,-0.004429999999999712,0.792133,0.770665,44.853168843,0
B0018,89,3.47036,30.7001,1.4515,0.779179,43,Critical,22.08,-0.0051800000000001845,0.780351,0.801346,44.561195149999996,0
B0018,90,3.46434,30.4992,1.43162,0.768504,42,Critical,23.15,-0.006019999999999914,0.779179,0.792133,43.66326470399999,0
B0018,91,3.47946,31.0472,1.46553,0.786712,41,Critical,21.33,0.015120000000000022,0.768504,0.780351,45.500603016,0
B0018,92,3.47044,31.1879,1.45154,0.779197,40,Critical,22.08,-0.009020000000000028,0.786712,0.779179,45.270484366,0
B0018,93,3.46777,31.3069,1.44302,0.774625,39,Critical,22.54,-0.0026700000000001722,0.779197,0.768504,45.176482838,0
B0018,94,3.46258,31.4491,1.42622,0.765609,38,Critical,23.44,-0.005189999999999806,0.774625,0.786712,44.853335402000006,0
B0018,95,3.46496,31.1567,1.42906,0.767134,37,Critical,23.29,0.0023800000000000487,0.765609,0.779197,44.524793702000004,0
B0018,96,3.46573,31.2503,1.42661,0.765819,36,Critical,23.42,0.0007700000000001594,0.767134,0.774625,44.581990483,0
B0018,97,3.46265,31.2155,1.42026,0.762408,35,Critical,23.76,-0.0030800000000001937,0.765819,0.765609,44.33412603,0
B0018,98,3.46313,31.2677,1.40993,0.756863,34,Critical,24.31,0.00048000000000003595,0.762408,0.767134,44.085268260999996,0
B0018,99,3.46528,31.2801,1.40057,0.751839,33,Critical,24.82,0.0021499999999998742,0.756863,0.765819,43.809969657,0
B0018,100,3.45581,31.2753,1.40235,0.752793,32,Critical,24.72,-0.009469999999999867,0.751839,0.762408,43.858916955000005,0
B0018,101,3.46026,31.3285,1.40133,0.752248,31,Critical,24.78,0.004449999999999843,0.752793,0.756863,43.901566904999996,0
B0018,102,3.45061,31.3294,1.38882,0.74553,30,Critical,25.45,-0.009649999999999714,0.752248,0.751839,43.510897308,0
B0018,103,3.45464,31.3958,1.37691,0.739138,29,Critical,26.09,0.004029999999999756,0.74553,0.752793,43.229190978000005,0
B0018,104,3.46243,31.319,1.37918,0.740353,28,Critical,25.96,0.007789999999999964,0.739138,0.752248,43.19453842,0
B0018,105,3.44994,31.4632,1.3805,0.741066,27,Critical,25.89,-0.012490000000000112,0.740353,0.74553,43.4349476,0
B0018,106,3.47988,30.242,1.47176,0.790053,26,Critical,20.99,0.0299400000000003,0.741066,0.739138,44.50896592,0
B0018,107,3.47926,30.8541,1.46659,0.787278,25,Critical,21.27,-0.0006200000000000649,0.790053,0.740353,45.250314519,0
B0018,108,3.48124,31.1192,1.45474,0.780917,24,Critical,21.91,0.001980000000000093,0.787278,0.741066,45.270345008,0
B0018,109,3.47127,31.2014,1.44043,0.773233,23,Critical,22.68,-0.009970000000000034,0.780917,0.790053,44.943432602,0
B0018,110,3.47616,30.7482,1.43153,0.768456,22,Critical,23.15,0.004890000000000061,0.773233,0.787278,44.016970746,0
B0018,111,3.46651,30.7101,1.41776,0.761065,21,Critical,23.89,-0.009650000000000158,0.768456,0.780917,43.539551376,0
B0018,112,3.47034,30.8403,1.41031,0.757065,20,Critical,24.29,0.003830000000000222,0.761065,0.773233,43.494383493,0
B0018,113,3.45581,31.5037,1.4064,0.754969,19,Critical,24.5,-0.014530000000000154,0.757065,0.768456,44.30680368,0
B0018,114,3.46293,31.8229,1.41413,0.759117,18,Critical,24.09,0.007120000000000015,0.754969,0.761065,45.001717577,0
B0018,115,3.47154,31.4314,1.39759,0.750241,17,Critical,24.98,0.008610000000000007,0.759117,0.757065,43.928210326000006,0
B0018,116,3.45563,31.1816,1.39936,0.751188,16,Critical,24.88,-0.01590999999999987,0.750241,0.754969,43.634283776,0
B0018,117,3.4582,30.9766,1.37986,0.740721,15,Critical,25.93,0.002569999999999961,0.751188,0.759117,42.743371276000005,0
B0018,118,3.45695,30.6338,1.38899,0.745622,14,Critical,25.44,-0.0012500000000001954,0.740721,0.750241,42.550041862,0
B0018,119,3.45112,30.7078,1.37809,0.739773,13,Critical,26.02,-0.005830000000000002,0.745622,0.751188,42.318112102,0
B0018,120,3.4526,30.3291,1.36576,0.733153,12,Critical,26.68,0.0014799999999999258,0.739773,0.740721,41.422271616,0
B0018,121,3.47125,30.304,1.44375,0.775015,11,Critical,22.5,0.018650000000000055,0.733153,0.745622,43.751400000000004,0
B0018,122,3.47176,30.6598,1.4233,0.764042,10,Critical,23.6,0.0005100000000002325,0.775015,0.739773,43.638093340000005,0
B0018,123,3.4628,30.9497,1.41798,0.761183,9,Critical,23.88,-0.008960000000000079,0.764042,0.733153,43.886055606,0
B0018,124,3.46827,30.8183,1.39989,0.751471,8,Critical,24.85,0.005469999999999864,0.761183,0.775015,43.142229987,0
B0018,125,3.46333,30.7131,1.39486,0.748774,7,Critical,25.12,-0.0049399999999999444,0.751471,0.764042,42.840474666,0
B0018,126,3.46568,30.713,1.39662,0.749721,6,Critical,25.03,0.002349999999999852,0.748774,0.761183,42.89439006,0
B0018,127,3.45888,31.022,1.39337,0.747975,5,Critical,25.2,-0.006799999999999695,0.749721,0.751471,43.22512414,0
B0018,128,3.46082,31.6493,1.38216,0.741958,4,Critical,25.8,0.0019399999999998307,0.747975,0.748774,43.744396488,0
B0018,129,3.46966,31.6753,1.38047,0.74105,3,Critical,25.89,0.008840000000000181,0.741958,0.749721,43.726801391,0
B0018,130,3.45573,31.49,1.36887,0.734824,2,Critical,26.52,-0.01393000000000022,0.74105,0.747975,43.1057163,0
B0018,131,3.46237,31.0966,1.37437,0.737772,1,Critical,26.22,0.006639999999999979,0.734824,0.741958,42.738234142,0
B0018,132,3.44406,31.1754,1.35259,0.726085,0,Critical,27.39,-0.01831000000000005,0.737772,0.74105,42.167534286,0
B0025,1,3.38943,33.3116,2.38979,1.0,11,Healthy,0.0,0.0,1.0,1.0,79.607728564,2
B0025,2,3.38812,33.0692,2.48499,1.03984,10,Healthy,-3.98,-0.0013100000000001444,1.0,1.03984,82.176631308,2
B0025,3,3.38937,33.3549,2.49735,1.04501,9,Healthy,-4.5,0.0012500000000001954,1.03984,1.04501,83.298859515,2
B0025,4,3.4125,33.2881,2.36879,0.991213,8,Healthy,0.88,0.023130000000000095,1.04501,1.0,78.852518399,2
B0025,12,3.42503,32.9295,2.499,1.0457,0,Healthy,-4.57,0.01252999999999993,0.991213,1.03984,82.2908205,2
B0026,1,3.39374,32.8247,2.26715,1.0,24,Healthy,0.0,0.0,1.0,1.0,74.418518605,2
B0026,2,3.40381,32.6629,2.20418,0.972223,23,Healthy,2.78,0.010069999999999801,1.0,0.972223,71.994910922,2
B0026,3,3.43118,32.7558,2.22785,0.982663,22,Healthy,1.73,0.027369999999999894,0.972223,0.982663,72.97500903000001,2
B0026,4,3.41856,32.9933,2.14128,0.944479,21,Healthy,5.55,-0.012620000000000076,0.982663,1.0,70.647893424,2
B0026,5,3.42008,32.8083,2.24559,0.990491,20,Healthy,0.95,0.0015200000000001879,0.944479,0.972223,73.67399039700001,2
B0026,6,3.29126,31.5522,1.78552,0.787561,19,Critical,21.24,-0.12882000000000016,0.990491,0.982663,56.337084143999995,0
B0026,8,3.4191,32.7174,2.09819,0.925471,17,Healthy,7.45,0.12783999999999995,0.787561,0.944479,68.647321506,2
B0026,9,3.40775,32.7258,2.31768,1.02229,16,Healthy,-2.23,-0.01134999999999975,0.925471,0.990491,75.84793214400001,2
B0026,10,3.43252,32.8191,2.25181,0.993231,15,Healthy,0.68,0.024769999999999737,1.02229,0.787561,73.90237757099999,2
B0026,11,3.38453,32.2564,2.15436,0.950251,14,Healthy,4.97,-0.04798999999999998,0.993231,0.925471,69.491897904,2
B0026,12,3.41889,32.6717,2.26145,0.997483,13,Healthy,0.25,0.03436000000000039,0.950251,1.02229,73.885415965,2
B0026,13,3.42597,33.0648,2.30556,1.01694,12,Healthy,-1.69,0.007079999999999753,0.997483,0.993231,76.23288028799999,2
B0026,14,3.42588,33.0583,2.21274,0.976001,11,Healthy,2.4,-9.000000000014552e-05,1.01694,0.950251,73.14942274200001,2
B0026,15,3.43962,32.9414,2.12319,0.936502,10,Healthy,6.35,0.013740000000000308,0.976001,0.997483,69.94085106600001,2
B0026,16,3.43708,33.0545,2.19424,0.967838,9,Healthy,3.22,-0.0025400000000002088,0.936502,1.01694,72.52950608,2
B0026,17,3.33531,33.3323,2.30152,1.01516,8,Healthy,-1.52,-0.1017699999999997,0.967838,0.976001,76.714955096,2
B0026,20,3.40307,33.3348,2.3439,1.03385,5,Healthy,-3.39,0.06775999999999982,1.01516,0.936502,78.13343772,2
B0026,25,3.40558,32.5213,2.37608,1.04805,0,Healthy,-4.8,0.0025100000000000122,1.03385,0.967838,77.27321050399999,2
B0027,1,3.41006,34.0298,2.15002,1.0,25,Healthy,0.0,0.0,1.0,1.0,73.164750596,2
B0027,2,3.39797,34.1025,2.07695,0.966015,24,Healthy,3.4,-0.012090000000000156,1.0,0.966015,70.829187375,2
B0027,3,3.42143,34.3388,2.05494,0.955777,23,Healthy,4.42,0.023460000000000036,0.966015,0.955777,70.56417367200001,2
B0027,4,3.41755,34.5357,1.99128,0.926168,22,Healthy,7.38,-0.0038800000000001056,0.955777,1.0,68.770248696,2
B0027,6,3.38709,34.4338,2.17996,1.01393,20,Healthy,-1.39,-0.03045999999999971,0.926168,0.966015,75.064306648,2
B0027,8,3.4047,34.2727,2.11773,0.984982,18,Healthy,1.5,0.017609999999999904,1.01393,0.955777,72.580324971,2
B0027,9,3.39941,34.2553,2.09308,0.973518,17,Healthy,2.65,-0.005290000000000017,0.984982,0.926168,71.699083324,2
B0027,10,3.38983,34.6148,2.2351,1.03957,16,Healthy,-3.96,-0.009580000000000144,0.973518,1.01393,77.36753948,2
B0027,12,3.39954,34.3269,2.18575,1.01662,14,Healthy,-1.66,0.009710000000000107,1.03957,0.984982,75.030021675,2
B0027,13,3.38054,34.6064,2.24369,1.04357,13,Healthy,-4.36,-0.019000000000000128,1.01662,0.973518,77.646033616,2
B0027,14,3.41008,34.6651,2.16047,1.00486,12,Healthy,-0.49,0.0295399999999999,1.04357,1.03957,74.89290859700002,2
B0027,15,3.3924,34.627,2.14426,0.997321,11,Healthy,0.27,-0.017679999999999918,1.00486,1.01662,74.24929102,2
B0027,16,3.40079,34.6292,2.15461,1.00213,10,Healthy,-0.21,0.008390000000000342,0.997321,1.04357,74.612420612,2
B0027,26,3.40875,34.0402,2.23069,1.03752,0,Healthy,-3.75,0.007959999999999745,1.00213,1.00486,75.933133738,2
B0028,1,3.66561,30.2483,2.20551,1.0,27,Healthy,0.0,0.0,1.0,1.0,66.71292813299999,2
B0028,2,3.66399,30.0365,2.1416,0.971022,26,Healthy,2.9,-0.0016199999999999548,1.0,0.971022,64.3261684,2
B0028,3,3.67761,30.2005,2.0421,0.925907,25,Healthy,7.41,0.013619999999999965,0.971022,0.925907,61.67244105,2
B0028,4,3.67459,30.364,2.02594,0.91858,24,Healthy,8.14,-0.0030200000000002447,0.925907,1.0,61.51564216,2
B0028,5,3.67116,30.3839,2.14796,0.973905,23,Healthy,2.61,-0.003429999999999822,0.91858,0.971022,65.263401844,2
B0028,6,3.65656,30.1421,2.25719,1.02343,22,Healthy,-2.34,-0.014600000000000168,0.973905,0.925907,68.036446699,2
B0028,8,3.67545,30.1377,2.08551,0.945589,20,Healthy,5.44,0.018890000000000295,1.02343,0.91858,62.852474727,2
B0028,9,3.67855,30.1812,1.99771,0.905782,19,Healthy,9.42,0.0030999999999998806,0.945589,0.973905,60.293285052,2
B0028,10,3.67686,30.5654,1.95815,0.887843,18,Warning,11.22,-0.0016899999999999693,0.905782,1.02343,59.85163801,1
B0028,11,3.67424,29.8301,2.15456,0.9769,17,Healthy,2.31,-0.0026199999999998447,0.887843,0.945589,64.27074025600001,2
B0028,12,3.67385,30.3183,2.0849,0.945314,16,Healthy,5.47,-0.0003900000000003345,0.9769,0.905782,63.210623670000004,2
B0028,13,3.66662,30.7135,2.10416,0.954046,15,Healthy,4.6,-0.007229999999999848,0.945314,0.887843,64.62611815999999,2
B0028,14,3.67569,30.6198,1.99606,0.905032,14,Healthy,9.5,0.009069999999999911,0.954046,0.9769,61.118957988,2
B0028,15,3.67545,30.4798,1.96787,0.892251,13,Warning,10.77,-0.00023999999999979593,0.905032,0.945314,59.980284026,1
B0028,16,3.67865,30.5795,2.01295,0.912689,12,Healthy,8.73,0.0032000000000000917,0.892251,0.954046,61.555004525,2
B0028,17,3.65926,31.1114,2.19437,0.994947,11,Healthy,0.51,-0.01939000000000002,0.912689,0.905032,68.269922818,2
B0028,18,3.67898,30.9074,2.16219,0.980358,10,Healthy,1.96,0.01971999999999996,0.994947,0.892251,66.82767120599999,2
B0028,19,3.67639,30.7449,2.20999,1.00203,9,Healthy,-0.2,-0.0025900000000000922,0.980358,0.912689,67.945921551,2
B0028,20,3.67314,30.6906,2.23995,1.01562,8,Healthy,-1.56,-0.003249999999999975,1.00203,0.994947,68.74540947,2
B0028,21,3.66782,30.4581,2.28457,1.03585,7,Healthy,-3.58,-0.0053200000000002134,1.01562,0.980358,69.58366151700001,2
B0028,22,3.67153,30.5255,2.14717,0.973546,6,Healthy,2.65,0.003710000000000324,1.03585,1.00203,65.543437835,2
B0028,23,3.66104,29.8636,2.23422,1.01302,5,Healthy,-1.3,-0.010490000000000332,0.973546,1.01562,66.721852392,2
B0028,24,3.66851,29.9087,2.24622,1.01846,4,Healthy,-1.85,0.007470000000000088,1.01302,1.03585,67.18152011400001,2
B0028,25,3.66662,29.9041,2.17418,0.985795,3,Healthy,1.42,-0.0018899999999999473,1.01846,0.973546,65.01689613799999,2
B0028,26,3.67115,29.9772,2.13476,0.96792,2,Healthy,3.21,0.004529999999999923,0.985795,1.01302,63.994127472,2
B0028,27,3.66797,29.9023,2.18752,0.991843,1,Healthy,0.82,-0.0031799999999999606,0.96792,1.01846,65.41187929600001,2
B0028,28,3.65278,30.0561,2.23415,1.01298,0,Healthy,-1.3,-0.015190000000000037,0.991843,0.985795,67.149835815,2
B0029,1,3.36519,51.6315,1.74665,1.0,39,Healthy,0.0,0.0,1.0,1.0,90.182159475,2
B0029,10,3.39565,52.8476,1.80355,1.03258,30,Healthy,-3.26,0.03045999999999971,1.0,1.03258,95.31328898,2
B0029,11,3.38736,52.8591,1.82349,1.04399,29,Healthy,-4.4,-0.008289999999999687,1.03258,1.04399,96.388040259,2
B0029,12,3.3881,52.9086,1.80769,1.03495,28,Healthy,-3.49,0.0007399999999999629,1.04399,1.0,95.642347134,2
B0029,13,3.39276,52.8528,1.81716,1.04037,27,Healthy,-4.04,0.0046599999999998865,1.03495,1.03258,96.041994048,2
B0029,14,3.39343,52.83,1.78165,1.02004,26,Healthy,-2.0,0.0006699999999999484,1.04037,1.04399,94.12456949999999,2
B0029,15,3.39011,52.8545,1.80007,1.03058,25,Healthy,-3.06,-0.0033199999999999896,1.02004,1.03495,95.14179981500001,2
B0029,16,3.39522,52.7212,1.82049,1.04228,24,Healthy,-4.23,0.00511000000000017,1.03058,1.04037,95.978417388,2
B0029,17,3.396,52.8157,1.8165,1.03999,23,Healthy,-4.0,0.0007799999999997809,1.04228,1.02004,95.93971905,2
B0029,18,3.39409,52.8522,1.79253,1.02627,22,Healthy,-2.63,-0.0019100000000000783,1.03999,1.03058,94.739154066,2
B0029,19,3.39545,52.8146,1.77856,1.01827,21,Healthy,-1.83,0.0013600000000000279,1.02627,1.04228,93.93393497599999,2
B0029,20,3.39242,52.8453,1.78194,1.02021,20,Healthy,-2.02,-0.003029999999999866,1.01827,1.03999,94.16715388200001,2
B0029,21,3.38646,52.8092,1.80029,1.03071,19,Healthy,-3.07,-0.005959999999999965,1.02021,1.02627,95.07187466799999,2
B0029,22,3.39722,52.8737,1.77424,1.0158,18,Healthy,-1.58,0.01075999999999988,1.03071,1.01827,93.81063348800001,2
B0029,23,3.39691,52.8351,1.75877,1.00694,17,Healthy,-0.69,-0.00030999999999981043,1.0158,1.02021,92.92478882699999,2
B0029,24,3.40208,52.7995,1.74244,0.997589,16,Healthy,0.24,0.005170000000000119,1.00694,1.03071,91.99996078000001,2
B0029,25,3.39951,52.8158,1.73518,0.993433,15,Healthy,0.66,-0.0025700000000004053,0.997589,1.0158,91.644919844,2
B0029,26,3.40008,52.7614,1.7552,1.00489,14,Healthy,-0.49,0.0005700000000001815,0.993433,1.00694,92.60680928000001,2
B0029,27,3.39188,52.8993,1.74991,1.00187,13,Healthy,-0.19,-0.008199999999999985,1.00489,0.997589,92.569014063,2
B0029,28,3.38208,52.8816,1.71833,0.983783,12,Healthy,1.62,-0.009799999999999809,1.00187,0.993433,90.868039728,2
B0029,29,3.3954,52.7763,1.72571,0.988012,11,Healthy,1.2,0.013319999999999776,0.983783,1.00489,91.076588673,2
B0029,30,3.39882,52.7572,1.70846,0.978133,10,Healthy,2.19,0.0034200000000002007,0.988012,1.00187,90.133565912,2
B0029,31,3.39034,52.7545,1.7156,0.982225,9,Healthy,1.78,-0.008480000000000043,0.978133,0.983783,90.5056202,2
B0029,32,3.39582,52.8083,1.6991,0.972775,8,Healthy,2.72,0.005479999999999929,0.982225,0.988012,89.72658253,2
B0029,33,3.38891,52.8153,1.70212,0.974506,7,Healthy,2.55,-0.006909999999999972,0.972775,0.978133,89.897978436,2
B0029,34,3.38847,52.8401,1.69401,0.969861,6,Healthy,3.01,-0.000440000000000218,0.974506,0.982225,89.511657801,2
B0029,35,3.3929,52.8248,1.67619,0.959662,5,Healthy,4.03,0.004430000000000156,0.969861,0.972775,88.54440151200001,2
B0029,36,3.38355,52.8488,1.69701,0.971579,4,Healthy,2.84,-0.00934999999999997,0.959662,0.974506,89.68494208799999,2
B0029,37,3.39369,52.8623,1.67729,0.960292,3,Healthy,3.97,0.010139999999999816,0.971579,0.969861,88.665407167,2
B0029,38,3.3866,52.8089,1.6704,0.956342,2,Healthy,4.37,-0.007089999999999819,0.960292,0.959662,88.21198656000001,2
B0029,39,3.39011,52.8325,1.66309,0.95216,1,Healthy,4.78,0.003509999999999902,0.956342,0.971579,87.865202425,2
B0029,40,3.38502,52.9192,1.65512,0.947596,0,Healthy,5.24,-0.005090000000000039,0.95216,0.960292,87.587626304,2
B0030,1,3.33717,52.562,1.69222,1.0,39,Healthy,0.0,0.0,1.0,1.0,88.94646764,2
B0030,8,3.38238,54.2423,1.77414,1.04841,32,Healthy,-4.84,0.04520999999999997,1.0,1.04841,96.233434122,2
B0030,9,3.38795,54.1536,1.7502,1.03427,31,Healthy,-3.43,0.005570000000000075,1.04841,1.03427,94.77963072,2
B0030,10,3.38359,54.2253,1.74837,1.03318,30,Healthy,-3.32,-0.0043600000000001415,1.03427,1.0,94.805887761,2
B0030,11,3.37819,54.2781,1.75793,1.03883,29,Healthy,-3.88,-0.005399999999999849,1.03318,1.04841,95.41710033300001,2
B0030,12,3.38723,54.244,1.74253,1.02973,28,Healthy,-2.97,0.009040000000000159,1.03883,1.03427,94.52179731999999,2
B0030,13,3.38797,54.2415,1.72897,1.02172,27,Healthy,-2.17,0.0007399999999999629,1.02973,1.03318,93.781926255,2
B0030,14,3.39044,54.1446,1.71519,1.01357,26,Healthy,-1.36,0.00246999999999975,1.02172,1.03883,92.868276474,2
B0030,15,3.38591,54.2289,1.71154,1.01142,25,Healthy,-1.14,-0.004529999999999923,1.01357,1.02973,92.81493150600001,2
B0030,16,3.37054,54.2179,1.7738,1.04821,24,Healthy,-4.82,-0.015369999999999884,1.01142,1.02172,96.17171102,2
B0030,17,3.38188,54.196,1.7494,1.03379,23,Healthy,-3.38,0.011340000000000128,1.04821,1.01357,94.8104824,2
B0030,18,3.3847,54.182,1.73475,1.02514,22,Healthy,-2.51,0.0028199999999998226,1.03379,1.01142,93.9922245,2
B0030,19,3.3865,54.1583,1.70963,1.01029,21,Healthy,-1.03,0.0017999999999998018,1.02514,1.04821,92.590654429,2
B0030,20,3.38139,54.2738,1.70277,1.00624,20,Healthy,-0.62,-0.005109999999999726,1.01029,1.03379,92.415798426,2
B0030,21,3.38053,54.3375,1.70946,1.01019,19,Healthy,-1.02,-0.000860000000000305,1.00624,1.02514,92.88778275,2
B0030,22,3.38799,54.2641,1.69381,1.00094,18,Healthy,-0.09,0.007460000000000022,1.01019,1.01029,91.913075221,2
B0030,23,3.38507,54.3946,1.68841,0.997747,17,Healthy,0.23,-0.0029200000000000337,1.00094,1.00624,91.840386586,2
B0030,24,3.38665,54.3416,1.67217,0.98815,16,Healthy,1.19,0.0015800000000001369,0.997747,1.01019,90.86839327199999,2
B0030,25,3.38327,54.3768,1.67522,0.989955,15,Healthy,1.0,-0.0033799999999999386,0.98815,1.00094,91.093102896,2
B0030,26,3.38676,54.3226,1.68417,0.995246,14,Healthy,0.48,0.003490000000000215,0.989955,0.997747,91.488493242,2
B0030,27,3.3911,54.2863,1.66856,0.98602,13,Healthy,1.4,0.004339999999999566,0.995246,0.98815,90.57994872799999,2
B0030,28,3.38513,54.1485,1.66066,0.981351,12,Healthy,1.86,-0.005969999999999587,0.98602,0.989955,89.92224801,2
B0030,29,3.3848,54.2153,1.65405,0.977443,11,Healthy,2.26,-0.00033000000000038554,0.981351,0.995246,89.674816965,2
B0030,30,3.3891,54.2735,1.6369,0.967309,10,Healthy,3.27,0.0043000000000001926,0.977443,0.98602,88.84029215,2
B0030,31,3.38097,54.3835,1.64429,0.971675,9,Healthy,2.83,-0.00812999999999997,0.967309,0.981351,89.422245215,2
B0030,32,3.37792,54.3864,1.64934,0.974664,8,Healthy,2.53,-0.003049999999999997,0.971675,0.977443,89.701664976,2
B0030,33,3.37664,54.2586,1.64187,0.970247,7,Healthy,2.98,-0.0012799999999999478,0.974664,0.967309,89.085567582,2
B0030,34,3.38074,54.3798,1.62316,0.959188,6,Healthy,4.08,0.0040999999999997705,0.970247,0.971675,88.267116168,2
B0030,35,3.38707,54.4254,1.61546,0.954639,5,Healthy,4.54,0.006330000000000169,0.959188,0.974664,87.922056684,2
B0030,36,3.38208,54.3622,1.6368,0.967253,4,Healthy,3.27,-0.004989999999999828,0.954639,0.970247,88.98004896,2
B0030,37,3.39032,54.3141,1.61608,0.955004,3,Healthy,4.5,0.008239999999999803,0.967253,0.959188,87.775930728,2
B0030,38,3.38605,54.2796,1.60976,0.951271,2,Healthy,4.87,-0.004269999999999996,0.955004,0.954639,87.377128896,2
B0030,39,3.38639,54.402,1.60203,0.946702,1,Healthy,5.33,0.00034000000000000696,0.951271,0.967253,87.15363606000001,2
B0030,40,3.38693,54.3548,1.59419,0.94207,0,Healthy,5.79,0.0005399999999999849,0.946702,0.955004,86.65187861199999,2
B0031,1,3.37178,52.5705,1.6929,1.0,39,Healthy,0.0,0.0,1.0,1.0,88.99659945,2
B0031,16,3.40095,53.8369,1.764,1.042,24,Healthy,-4.2,0.029169999999999696,1.0,1.042,94.9682916,2
B0031,20,3.41511,53.8268,1.77405,1.04794,20,Healthy,-4.79,0.01415999999999995,1.042,1.04794,95.49143453999999,2
B0031,23,3.41777,53.8405,1.76222,1.04095,17,Healthy,-4.09,0.0026600000000001067,1.04794,1.0,94.87880591,2
B0031,24,3.41465,53.8112,1.76728,1.04394,16,Healthy,-4.39,-0.0031200000000000117,1.04095,1.042,95.099457536,2
B0031,25,3.41429,53.8177,1.76098,1.04022,15,Healthy,-4.02,-0.000360000000000138,1.04394,1.04794,94.771893346,2
B0031,26,3.4146,53.7543,1.76991,1.04549,14,Healthy,-4.55,0.0003100000000002545,1.04022,1.04095,95.140273113,2
B0031,27,3.42488,53.7114,1.75521,1.03681,13,Healthy,-3.68,0.010279999999999845,1.04549,1.04394,94.27478639399999,2
B0031,28,3.42097,53.6934,1.74758,1.0323,12,Healthy,-3.23,-0.003909999999999858,1.03681,1.04022,93.833511972,2
B0031,29,3.41922,53.6826,1.73135,1.02272,11,Healthy,-2.27,-0.0017499999999999183,1.0323,1.04549,92.94336951,2
B0031,30,3.42322,53.6336,1.72473,1.0188,10,Healthy,-1.88,0.0040000000000000036,1.02272,1.03681,92.503478928,2
B0031,31,3.41645,53.7068,1.74271,1.02943,9,Healthy,-2.94,-0.006769999999999943,1.0188,1.0323,93.595377428,2
B0031,32,3.4201,53.6402,1.72808,1.02079,8,Healthy,-2.08,0.003649999999999931,1.02943,1.02272,92.694556816,2
B0031,33,3.41821,53.6537,1.72121,1.01673,7,Healthy,-1.67,-0.0018899999999999473,1.02079,1.0188,92.349284977,2
B0031,34,3.41901,53.6536,1.71358,1.01222,6,Healthy,-1.22,0.0007999999999999119,1.01673,1.02943,91.939735888,2
B0031,35,3.42002,53.6478,1.70582,1.00763,5,Healthy,-0.76,0.0010099999999999554,1.01222,1.02079,91.51349019599999,2
B0031,36,3.41553,53.6547,1.72712,1.02022,4,Healthy,-2.02,-0.004490000000000105,1.00763,1.01673,92.66810546399999,2
B0031,37,3.4078,53.7931,1.70627,1.0079,3,Healthy,-0.79,-0.007730000000000015,1.02022,1.01222,91.785552737,2
B0031,38,3.4178,53.6648,1.71135,1.0109,2,Healthy,-1.09,0.010000000000000231,1.0079,1.00763,91.83925547999999,2
B0031,39,3.41713,53.6954,1.70439,1.00679,1,Healthy,-0.68,-0.0006700000000003925,1.0109,1.02022,91.51790280600001,2
B0031,40,3.41712,53.681,1.69683,1.00233,0,Healthy,-0.23,-9.999999999621423e-06,1.00679,1.0079,91.08753123,2
B0032,1,3.31357,52.1481,1.71046,1.0,39,Healthy,0.0,0.0,1.0,1.0,89.197239126,2
B0032,13,3.34846,54.251,1.78072,1.04108,27,Healthy,-4.11,0.03489000000000031,1.0,1.04108,96.60584072,2
B0032,14,3.34878,54.2918,1.7676,1.03341,26,Healthy,-3.34,0.00031999999999987594,1.04108,1.03341,95.96618568000001,2
B0032,15,3.35334,54.2457,1.78634,1.04437,25,Healthy,-4.44,0.0045600000000001195,1.03341,1.0,96.901263738,2
B0032,16,3.33611,54.4682,1.79346,1.04853,24,Healthy,-4.85,-0.01723000000000008,1.04437,1.04108,97.68653797200001,2
B0032,17,3.34311,54.4638,1.79081,1.04698,23,Healthy,-4.7,0.006999999999999673,1.04853,1.03341,97.534317678,2
B0032,18,3.34873,54.4461,1.78995,1.04648,22,Healthy,-4.65,0.0056200000000004025,1.04698,1.04437,97.455796695,2
B0032,19,3.35278,54.394,1.77571,1.03815,21,Healthy,-3.81,0.004049999999999887,1.04648,1.04853,96.58796973999999,2
B0032,20,3.356,54.4323,1.75743,1.02746,20,Healthy,-2.75,0.0032199999999997786,1.03815,1.04698,95.660956989,2
B0032,21,3.3433,54.5875,1.7759,1.03826,19,Healthy,-3.83,-0.012699999999999712,1.02746,1.04648,96.94194125,2
B0032,22,3.35095,54.5889,1.76096,1.02952,18,Healthy,-2.95,0.007649999999999935,1.03826,1.03815,96.12886934400001,2
B0032,23,3.35195,54.6268,1.74509,1.02025,17,Healthy,-2.02,0.0009999999999998899,1.02952,1.02746,95.328682412,2
B0032,24,3.3493,54.6431,1.73993,1.01723,16,Healthy,-1.72,-0.002650000000000041,1.02025,1.03826,95.075168983,2
B0032,25,3.34016,54.8418,1.70883,0.999049,15,Healthy,0.1,-0.009139999999999926,1.01723,1.02952,93.71531309400001,2
B0032,26,3.33804,54.8038,1.7629,1.03066,14,Healthy,-3.07,-0.002120000000000122,0.999049,1.02025,96.61361902,2
B0032,27,3.35251,54.6791,1.72547,1.00878,13,Healthy,-0.88,0.014470000000000205,1.03066,1.01723,94.347146677,2
B0032,28,3.34493,54.7534,1.72829,1.01042,12,Healthy,-1.04,-0.00757999999999992,1.00878,0.999049,94.629753686,2
B0032,29,3.34106,54.7546,1.71181,1.00079,11,Healthy,-0.08,-0.00387000000000004,1.01042,1.03066,93.72947182600001,2
B0032,30,3.34457,54.7487,1.70689,0.997913,10,Healthy,0.21,0.003509999999999902,1.00079,1.00878,93.450008543,2
B0032,31,3.33691,54.8585,1.71447,1.00235,9,Healthy,-0.23,-0.00766,0.997913,1.01042,94.053252495,2
B0032,32,3.34202,54.8008,1.69788,0.99265,8,Healthy,0.73,0.00511000000000017,1.00235,1.00079,93.04518230400001,2
B0032,33,3.34595,54.7316,1.69091,0.988571,7,Healthy,1.14,0.003929999999999989,0.99265,0.997913,92.546209756,2
B0032,34,3.34081,54.9175,1.68085,0.982692,6,Healthy,1.73,-0.0051400000000003665,0.988571,1.00235,92.30807987499999,2
B0032,35,3.34368,54.79,1.67511,0.979336,5,Healthy,2.07,0.00287000000000015,0.982692,0.99265,91.7792769,2
B0032,36,3.33738,54.9168,1.69643,0.991801,4,Healthy,0.82,-0.006299999999999972,0.979336,0.988571,93.162507024,2
B0032,37,3.33222,54.9974,1.66293,0.972215,3,Healthy,2.78,-0.005160000000000053,0.991801,0.982692,91.456826382,2
B0032,38,3.3407,54.853,1.66995,0.976317,2,Healthy,2.37,0.008480000000000043,0.972215,0.979336,91.60176735,2
B0032,39,3.33931,54.8916,1.65014,0.96474,1,Healthy,3.53,-0.0013900000000002244,0.976317,0.991801,90.578824824,2
B0032,40,3.33393,54.8813,1.6424,0.960213,0,Healthy,3.98,-0.005379999999999718,0.96474,0.972215,90.13704712,2
B0033,2,3.71112,32.9219,0.717505,1.0,144,Healthy,0.0,0.0,1.0,1.0,23.6216278595,2
B0033,145,3.75303,32.3904,0.520105,0.72488,1,Critical,27.51,0.04190999999999967,1.0,0.72488,16.846408992,0
B0033,146,3.74211,32.9151,0.532316,0.741899,0,Critical,25.81,-0.01092000000000004,0.72488,0.741899,17.521234371600002,0
B0034,1,3.11638,38.9158,0.998059,1.0,0,Healthy,0.0,0.0,1.0,1.0,38.8402644322,2
B0036,1,3.31006,24.8921,1.00478,1.0,0,Healthy,0.0,0.0,1.0,1.0,25.011084238,2
B0038,1,2.88324,38.8265,1.08976,1.0,0,Healthy,0.0,0.0,1.0,1.0,42.31156664,2
B0039,2,3.50944,34.6128,0.562458,1.0,10,Healthy,0.0,0.0,1.0,1.0,19.4682462624,2
B0039,3,3.50184,34.6473,0.577043,1.02593,9,Healthy,-2.59,-0.007600000000000051,1.0,1.02593,19.9929819339,2
B0039,4,3.50049,34.8473,0.569342,1.01224,8,Healthy,-1.22,-0.0013499999999999623,1.02593,1.01224,19.8400314766,2
B0039,5,3.50911,34.6506,0.562179,0.999505,7,Healthy,0.05,0.008620000000000072,1.01224,1.0,19.4798396574,2
B0039,6,3.50673,34.6233,0.558956,0.993775,6,Healthy,0.62,-0.0023800000000000487,0.999505,1.02593,19.3529012748,2
B0039,7,3.43673,35.3652,0.551646,0.980777,5,Healthy,1.92,-0.07000000000000028,0.993775,1.01224,19.5090711192,2
B0039,8,3.50931,34.594,0.556213,0.988898,4,Healthy,1.11,0.07258000000000031,0.980777,0.999505,19.241632522,2
B0039,9,3.51288,34.5763,0.55335,0.983806,3,Healthy,1.62,0.003569999999999851,0.988898,0.993775,19.132795605000002,2
B0039,10,3.48926,34.7827,0.55637,0.989176,2,Healthy,1.08,-0.023620000000000196,0.983806,0.980777,19.352050799,2
B0039,11,3.51422,34.5833,0.548438,0.975073,1,Healthy,2.49,0.024960000000000093,0.989176,0.988898,18.9667958854,2
B0039,12,3.5134,34.5417,0.540226,0.960473,0,Healthy,3.95,-0.0008200000000000429,0.975073,0.983806,18.6603244242,2
B0040,1,3.24291,34.4089,0.679289,1.0,46,Healthy,0.0,0.0,1.0,1.0,23.373587272100004,2
B0040,47,3.52348,50.3525,0.564148,0.830499,0,Warning,16.95,0.28057,1.0,0.830499,28.406262169999998,1
B0041,43,3.31036,9.15185,1.33111,1.0,24,Healthy,0.0,0.0,1.0,1.0,12.1821190535,2
B0041,44,3.35222,8.87655,1.26369,0.949349,23,Healthy,5.07,0.041859999999999786,1.0,0.949349,11.2172074695,2
B0041,45,3.35272,8.76899,1.22899,0.923282,22,Healthy,7.67,0.000500000000000167,0.949349,0.923282,10.7770010201,2
B0041,46,3.35615,8.88199,1.1905,0.894368,21,Warning,10.56,0.003429999999999822,0.923282,1.0,10.574009095,1
B0041,47,3.37215,8.69253,1.15295,0.866154,20,Warning,13.38,0.016000000000000014,0.894368,0.949349,10.0220524635,1
B0041,48,3.36341,8.77558,1.1309,0.849592,19,Warning,15.04,-0.00873999999999997,0.866154,0.923282,9.924303422,1
B0041,49,3.36304,8.61846,1.10412,0.82947,18,Warning,17.05,-0.0003700000000002035,0.849592,0.894368,9.5158140552,1
B0041,50,3.3698,8.6736,1.08872,0.817901,17,Warning,18.21,0.006760000000000321,0.82947,0.866154,9.443121792,1
B0041,51,3.35645,8.76684,1.08093,0.81205,16,Warning,18.8,-0.013349999999999973,0.817901,0.849592,9.4763403612,1
B0041,52,3.36143,8.8557,1.05741,0.794379,15,Critical,20.56,0.004979999999999762,0.81205,0.82947,9.364105737000001,0
B0041,53,3.36613,8.80225,1.04553,0.785453,14,Critical,21.45,0.0047000000000001485,0.794379,0.817901,9.203016442500001,0
B0041,54,3.35277,8.74667,1.03392,0.776734,13,Critical,22.33,-0.013360000000000039,0.785453,0.81205,9.043357046399999,0
B0041,55,3.37303,8.94005,1.02624,0.770969,12,Critical,22.9,0.020259999999999945,0.776734,0.794379,9.174636912,0
B0041,56,3.37164,9.07337,1.01501,0.762527,11,Critical,23.75,-0.0013899999999997803,0.770969,0.785453,9.209561283700001,0
B0041,57,3.3702,8.56564,1.00573,0.755556,10,Critical,24.44,-0.0014400000000001079,0.762527,0.776734,8.6147211172,0
B0041,58,3.35649,8.77672,1.0106,0.759217,9,Critical,24.08,-0.013710000000000111,0.755556,0.770969,8.869753231999999,0
B0041,59,3.36842,8.57465,0.986095,0.740806,8,Critical,25.92,0.011929999999999996,0.759217,0.762527,8.45541949175,0
B0041,60,3.35787,8.76702,1.00273,0.753304,7,Critical,24.67,-0.010549999999999837,0.740806,0.755556,8.7909539646,0
B0041,61,3.34878,8.79203,0.995421,0.747812,6,Critical,25.22,-0.009090000000000042,0.753304,0.759217,8.75177129463,0
B0041,62,3.36661,8.792,0.976564,0.733646,5,Critical,26.64,0.017830000000000013,0.747812,0.740806,8.585950688,0
B0041,63,3.34657,8.92046,0.987032,0.74151,4,Critical,25.85,-0.02004000000000028,0.733646,0.753304,8.80477947472,0
B0041,64,3.34313,8.87936,0.970863,0.729363,3,Critical,27.06,-0.0034399999999998876,0.74151,0.747812,8.62064208768,0
B0041,65,3.35735,8.82806,0.970576,0.729147,2,Critical,27.09,0.0142199999999999,0.729363,0.733646,8.568303162560001,0
B0041,66,3.34849,8.84648,0.968219,0.727376,1,Critical,27.26,-0.008859999999999868,0.729147,0.74151,8.565330019120001,0
B0041,67,3.34875,8.79722,0.963708,0.723988,0,Critical,27.6,0.00025999999999992696,0.727376,0.729363,8.47795129176,0
B0042,1,3.46594,30.5283,1.76916,1.0,111,Healthy,0.0,0.0,1.0,1.0,54.009447228000006,2
B0042,2,3.48524,29.9577,1.7561,0.99262,110,Healthy,0.74,0.019300000000000317,1.0,0.99262,52.608716969999996,2
B0042,3,3.48838,29.6617,1.75299,0.990862,109,Healthy,0.91,0.0031399999999996986,0.99262,0.990862,51.996663483,2
B0042,4,3.4946,29.5811,1.74532,0.986524,108,Healthy,1.35,0.006220000000000336,0.990862,1.0,51.628485452,2
B0042,5,3.50415,29.8525,1.74173,0.984497,107,Healthy,1.55,0.009549999999999947,0.986524,0.99262,51.994994825,2
B0042,6,3.58139,29.4494,1.47413,0.833241,106,Warning,16.68,0.07723999999999975,0.984497,0.990862,43.412244021999996,1
B0042,7,3.51193,30.1332,1.734,0.980128,105,Healthy,1.99,-0.06945999999999986,0.833241,0.986524,52.250968799999995,2
B0042,8,3.50989,29.7405,1.72936,0.977505,104,Healthy,2.25,-0.0020400000000000418,0.980128,0.984497,51.43203108,2
B0042,9,3.5085,29.5034,1.72177,0.973214,103,Healthy,2.68,-0.0013899999999997803,0.977505,0.833241,50.798069018,2
B0042,10,3.50937,29.3245,1.71521,0.969508,102,Healthy,3.05,0.0008699999999999264,0.973214,0.980128,50.297675645,2
B0042,11,3.50461,29.2257,1.71364,0.968619,101,Healthy,3.14,-0.0047600000000000975,0.969508,0.977505,50.082328548,2
B0042,12,3.50729,29.2618,1.70653,0.964598,100,Healthy,3.54,0.0026799999999997937,0.968619,0.973214,49.93613955400001,2
B0042,13,3.50501,29.2061,1.70467,0.963549,99,Healthy,3.65,-0.0022799999999998377,0.964598,0.969508,49.786762487,2
B0042,14,3.50807,29.1839,1.69462,0.957871,98,Healthy,4.21,0.0030600000000000627,0.963549,0.968619,49.455620618000005,2
B0042,15,3.50575,29.1537,1.69303,0.95697,97,Healthy,4.3,-0.0023200000000000998,0.957871,0.964598,49.358088711,2
B0042,16,3.5049,29.1063,1.69689,0.959149,96,Healthy,4.09,-0.0008499999999997954,0.95697,0.963549,49.390189407,2
B0042,17,3.50209,29.1267,1.68878,0.954567,95,Healthy,4.54,-0.0028100000000002012,0.959149,0.957871,49.188588425999995,2
B0042,18,3.50569,29.1154,1.68178,0.950609,94,Healthy,4.94,0.0036000000000000476,0.954567,0.95697,48.965697412000004,2
B0042,19,3.50179,29.1227,1.68029,0.949768,93,Healthy,5.02,-0.0038999999999997925,0.950609,0.959149,48.934581582999996,2
B0042,20,3.50016,29.1635,1.67691,0.947858,92,Healthy,5.21,-0.0016300000000000203,0.949768,0.954567,48.904564785,2
B0042,21,3.5038,29.3575,1.7026,0.962378,91,Healthy,3.76,0.0036399999999998656,0.947858,0.950609,49.9840795,2
B0042,22,3.51252,30.0583,1.69155,0.956131,90,Healthy,4.39,0.008719999999999839,0.962378,0.949768,50.845117365,2
B0042,23,3.50932,30.3356,1.68882,0.954587,89,Healthy,4.54,-0.0031999999999996476,0.956131,0.947858,51.231367991999996,2
B0042,24,3.50722,30.2279,1.67857,0.948797,88,Healthy,5.12,-0.002100000000000435,0.954587,0.962378,50.739646103,2
B0042,25,3.50552,30.0407,1.66669,0.94208,87,Healthy,5.79,-0.0016999999999995907,0.948797,0.956131,50.068534283000005,2
B0042,26,3.50413,29.9951,1.66107,0.938903,86,Healthy,6.11,-0.0013900000000002244,0.94208,0.954587,49.823960757,2
B0042,27,3.5006,30.2995,1.66919,0.943494,85,Healthy,5.65,-0.003530000000000033,0.938903,0.948797,50.575622405,2
B0042,28,3.50425,30.6809,1.66527,0.941281,84,Healthy,5.87,0.003649999999999931,0.943494,0.94208,51.091982343000005,2
B0042,29,3.50128,30.6634,1.65815,0.937252,83,Healthy,6.27,-0.002969999999999917,0.941281,0.938903,50.84451671,2
B0042,30,3.50143,30.4085,1.646,0.930386,82,Healthy,6.96,0.0001500000000000945,0.937252,0.943494,50.052391,2
B0042,31,3.4935,30.2394,1.64717,0.931045,81,Healthy,6.9,-0.007929999999999993,0.930386,0.941281,49.809432498,2
B0042,32,3.49193,30.1387,1.64799,0.931514,80,Healthy,6.85,-0.0015700000000000713,0.931045,0.937252,49.668276213,2
B0042,33,3.49573,30.4909,1.64333,0.928876,79,Healthy,7.11,0.0038000000000000256,0.931514,0.930386,50.106610697,2
B0042,34,3.49193,30.5292,1.6361,0.924791,78,Healthy,7.52,-0.0038000000000000256,0.928876,0.931045,49.948824120000005,2
B0042,35,3.49001,30.1796,1.62394,0.917919,77,Healthy,8.21,-0.0019200000000001438,0.924791,0.931514,49.009859624,2
B0042,36,3.48776,29.9331,1.6167,0.913822,76,Healthy,8.62,-0.002249999999999641,0.917919,0.928876,48.39284277,2
B0042,37,3.48203,29.8551,1.62403,0.917969,75,Healthy,8.2,-0.005730000000000235,0.913822,0.924791,48.485578053000005,2
B0042,38,3.48578,30.2574,1.61755,0.914306,74,Healthy,8.57,0.003750000000000142,0.917969,0.917919,48.94285737,2
B0042,39,3.48496,30.5628,1.61741,0.914225,73,Healthy,8.58,-0.0008200000000000429,0.914306,0.913822,49.432578348,2
B0042,40,3.48396,30.59,1.60935,0.90967,72,Healthy,9.03,-0.0009999999999998899,0.914225,0.917969,49.230016500000005,2
B0042,41,3.47681,30.2192,1.59511,0.90162,71,Healthy,9.84,-0.007150000000000212,0.90967,0.914306,48.202948112,2
B0042,42,2.70528,24.1834,1.16988,0.661264,70,Critical,33.87,-0.7715299999999998,0.90162,0.914225,28.291675992,0
B0042,43,2.67953,23.827,1.12201,0.634208,69,Critical,36.58,-0.02574999999999994,0.661264,0.90967,26.73413227,0
B0042,44,2.67912,23.7797,1.09851,0.620922,68,Critical,37.91,-0.00041000000000002146,0.634208,0.90162,26.122238247000002,0
B0042,45,2.65294,23.9578,1.08831,0.61516,67,Critical,38.48,-0.026180000000000092,0.620922,0.661264,26.073513318,0
B0042,46,2.69158,24.0938,1.17944,0.666666,66,Critical,33.33,0.03864000000000001,0.61516,0.634208,28.417191472000003,0
B0042,47,2.67391,23.9935,1.18407,0.669287,65,Critical,33.07,-0.017670000000000297,0.666666,0.620922,28.409983545,0
B0042,48,2.67453,24.1343,1.16288,0.657307,64,Critical,34.27,0.0006200000000000649,0.669287,0.61516,28.065294784,0
B0042,49,2.67267,24.3992,1.1531,0.651781,63,Critical,34.82,-0.0018599999999997507,0.657307,0.666666,28.134717520000002,0
B0042,51,2.64743,24.8801,1.16153,0.656542,61,Critical,34.35,-0.02524000000000015,0.651781,0.669287,28.898982552999996,0
B0042,52,2.6501,24.4848,1.15129,0.650758,60,Critical,34.92,0.0026700000000001722,0.656542,0.657307,28.189105392,0
B0042,53,2.63864,24.3244,1.14271,0.645905,59,Critical,35.41,-0.011460000000000026,0.650758,0.651781,27.795735123999997,0
B0042,54,2.64152,24.3117,1.12042,0.633304,58,Critical,36.67,0.0028799999999997716,0.645905,0.656542,27.239314913999998,0
B0042,55,2.63615,24.7982,1.13719,0.642785,57,Critical,35.72,-0.005369999999999653,0.633304,0.650758,28.200265058,0
B0042,56,2.60271,24.6872,1.1377,0.643074,56,Critical,35.69,-0.033440000000000136,0.642785,0.645905,28.08662744,0
B0042,57,2.59084,24.6532,1.1319,0.639795,55,Critical,36.02,-0.011870000000000047,0.643074,0.633304,27.904957079999996,0
B0042,58,2.61333,24.5298,1.12011,0.633135,54,Critical,36.69,0.0224899999999999,0.639795,0.642785,27.476074278,0
B0042,59,2.60848,24.5214,1.11209,0.628601,53,Critical,37.14,-0.004849999999999799,0.633135,0.643074,27.270003726,0
B0042,60,2.58415,24.8436,1.11523,0.630372,52,Critical,36.96,-0.024329999999999963,0.628601,0.639795,27.706328027999998,0
B0042,61,2.59098,24.5619,1.10477,0.624462,51,Critical,37.55,0.006829999999999892,0.630372,0.633135,27.135250263000003,0
B0042,62,2.58186,24.3494,1.10765,0.626091,50,Critical,37.39,-0.009120000000000239,0.624462,0.628601,26.97061291,0
B0042,63,2.58947,24.8396,1.09729,0.620235,49,Critical,37.98,0.007610000000000117,0.626091,0.630372,27.256244684000002,0
B0042,67,2.59817,24.9982,1.17521,0.664277,45,Critical,33.57,0.008700000000000152,0.620235,0.624462,29.378134622000005,0
B0042,68,2.58945,25.2477,1.15403,0.652303,44,Critical,34.77,-0.008720000000000283,0.664277,0.626091,29.136603230999995,0
B0042,69,2.57307,24.8503,1.12967,0.638536,43,Critical,36.15,-0.01637999999999984,0.652303,0.620235,28.072638401,0
B0042,71,2.57031,25.7502,1.15251,0.651445,41,Critical,34.86,-0.0027599999999998737,0.638536,0.664277,29.677363001999996,0
B0042,72,2.53492,25.4426,1.12349,0.635045,40,Critical,36.5,-0.03539000000000003,0.651445,0.652303,28.584506674,0
B0042,73,2.55035,25.6401,1.12527,0.636048,39,Critical,36.4,0.015429999999999833,0.635045,0.638536,28.852035327,0
B0042,74,2.56502,25.4725,1.10366,0.623835,38,Critical,37.62,0.014670000000000183,0.636048,0.651445,28.112979350000003,0
B0042,75,2.54989,25.7067,1.10704,0.625744,37,Critical,37.43,-0.015130000000000088,0.623835,0.635045,28.458345168,0
B0042,76,2.54131,25.7308,1.09622,0.61963,36,Critical,38.04,-0.00857999999999981,0.625744,0.636048,28.206617576,0
B0042,77,2.53221,25.6102,1.08502,0.613298,35,Critical,38.67,-0.009100000000000108,0.61963,0.623835,27.787579204,0
B0042,78,2.53364,25.871,1.10146,0.622589,34,Critical,37.74,0.0014300000000000423,0.613298,0.625744,28.495871660000002,0
B0042,79,2.53001,25.601,1.0765,0.608481,33,Critical,39.15,-0.003630000000000244,0.622589,0.61963,27.5594765,0
B0042,88,3.37714,8.32435,1.49867,0.847108,24,Warning,15.29,0.8471299999999999,0.608481,0.613298,12.475453614500001,1
B0042,89,3.42501,8.08831,1.57918,0.892618,23,Warning,10.74,0.04787000000000008,0.847108,0.622589,12.7728973858,1
B0042,90,3.42781,8.10864,1.57633,0.891008,22,Warning,10.9,0.0028000000000001357,0.892618,0.608481,12.781892491199999,1
B0042,91,3.42269,8.18976,1.56668,0.885553,21,Warning,11.44,-0.0051200000000002355,0.891008,0.847108,12.8307331968,1
B0042,92,3.42714,8.13332,1.55955,0.881521,20,Warning,11.85,0.004450000000000287,0.885553,0.892618,12.684319206,1
B0042,93,3.42248,8.22155,1.55541,0.879179,19,Warning,12.08,-0.0046599999999998865,0.881521,0.891008,12.7878810855,1
B0042,94,3.41377,8.19603,1.5445,0.873013,18,Warning,12.7,-0.008710000000000218,0.879179,0.885553,12.658768335000001,1
B0042,95,3.41528,8.16363,1.54025,0.870613,17,Warning,12.94,0.0015100000000001224,0.873013,0.881521,12.574031107499998,1
B0042,96,3.41134,8.1823,1.53261,0.866295,16,Warning,13.37,-0.003940000000000055,0.870613,0.879179,12.540274802999999,1
B0042,97,3.40617,8.23985,1.52594,0.862523,15,Warning,13.75,-0.005170000000000119,0.866295,0.873013,12.573516709000002,1
B0042,98,3.40226,8.31951,1.51918,0.858705,14,Warning,14.13,-0.003909999999999858,0.862523,0.870613,12.638833201799999,1
B0042,99,3.39209,8.2033,1.50939,0.853168,13,Warning,14.68,-0.010170000000000012,0.858705,0.866295,12.381978987,1
B0042,100,3.39621,8.25238,1.50411,0.850187,12,Warning,14.98,0.0041199999999999015,0.853168,0.862523,12.4124872818,1
B0042,101,3.39583,8.24745,1.49326,0.844049,11,Warning,15.6,-0.0003799999999998249,0.850187,0.858705,12.315587187000002,1
B0042,102,3.39249,8.17936,1.48216,0.837777,10,Warning,16.22,-0.0033400000000001207,0.844049,0.853168,12.1231202176,1
B0042,103,3.38928,8.33801,1.47642,0.83453,9,Warning,16.55,-0.003210000000000157,0.837777,0.850187,12.310404724200001,1
B0042,104,3.37788,8.29333,1.47154,0.831777,8,Warning,16.82,-0.011399999999999633,0.83453,0.844049,12.203966828199999,1
B0042,105,3.38699,8.37314,1.46077,0.825689,7,Warning,17.43,0.00910999999999973,0.831777,0.837777,12.231231717799998,1
B0042,106,3.38291,8.32904,1.45453,0.822157,6,Warning,17.78,-0.0040800000000000836,0.825689,0.83453,12.114838551200002,1
B0042,107,3.37747,8.39613,1.44676,0.817765,5,Warning,18.22,-0.005439999999999667,0.822157,0.831777,12.1471850388,1
B0042,108,3.37809,8.43692,1.43693,0.812209,4,Warning,18.78,0.0006199999999996209,0.817765,0.825689,12.123263455600002,1
B0042,109,3.36416,8.4198,1.43658,0.812011,3,Warning,18.8,-0.013929999999999776,0.812209,0.822157,12.095716284,1
B0042,110,3.37059,8.40981,1.42711,0.806658,2,Warning,19.33,0.006429999999999936,0.812011,0.817765,12.0017239491,1
B0042,111,3.36637,8.37006,1.41859,0.801844,1,Warning,19.82,-0.0042200000000001125,0.806658,0.812209,11.8736834154,1
B0042,112,3.35883,8.33961,1.41102,0.797567,0,Critical,20.24,-0.007539999999999658,0.801844,0.812011,11.7673565022,0
B0043,1,3.48028,30.8479,1.73242,1.0,111,Healthy,0.0,0.0,1.0,1.0,53.441518918,2
B0043,2,3.49491,30.2841,1.70907,0.986518,110,Healthy,1.35,0.01462999999999992,1.0,0.986518,51.757646787,2
B0043,3,3.49092,30.0619,1.70039,0.98151,109,Healthy,1.85,-0.003989999999999938,0.986518,0.98151,51.11695414100001,2
B0043,4,3.49687,30.0081,1.69228,0.97683,108,Healthy,2.32,0.0059499999999999,0.98151,1.0,50.782107468,2
B0043,5,3.50138,30.4006,1.68855,0.974674,107,Healthy,2.53,0.004510000000000236,0.97683,0.986518,51.33293313,2
B0043,6,3.57934,29.9239,1.4567,0.840848,106,Warning,15.92,0.07796000000000003,0.974674,0.98151,43.59014513,1
B0043,7,3.50838,30.5999,1.67505,0.966882,105,Healthy,3.31,-0.07096000000000036,0.840848,0.97683,51.256362495,2
B0043,8,3.50325,30.2817,1.67006,0.964001,104,Healthy,3.6,-0.005129999999999857,0.966882,0.974674,50.572255902,2
B0043,9,3.50515,29.9367,1.65638,0.956103,103,Healthy,4.39,0.0019000000000000128,0.964001,0.840848,49.586551146,2
B0043,10,3.50244,29.7476,1.64959,0.952183,102,Healthy,4.78,-0.00270999999999999,0.956103,0.966882,49.071343483999996,2
B0043,11,3.49845,29.7239,1.64761,0.951042,101,Healthy,4.9,-0.003989999999999938,0.952183,0.964001,48.973394879000004,2
B0043,12,3.5027,29.7273,1.64028,0.946813,100,Healthy,5.32,0.004249999999999865,0.951042,0.956103,48.761095644,2
B0043,13,3.49793,29.6684,1.63248,0.942312,99,Healthy,5.77,-0.004769999999999719,0.946813,0.952183,48.433069632,2
B0043,14,3.4994,29.6682,1.63336,0.942819,98,Healthy,5.72,0.0014699999999998603,0.942312,0.951042,48.458851151999994,2
B0043,15,3.50049,29.6377,1.62041,0.935344,97,Healthy,6.47,0.0010900000000000354,0.942819,0.946813,48.025225457,2
B0043,16,3.49617,29.5936,1.61808,0.933996,96,Healthy,6.6,-0.0043199999999998795,0.935344,0.942312,47.884812288,2
B0043,17,3.50001,29.6186,1.60993,0.929293,95,Healthy,7.07,0.0038399999999998435,0.933996,0.942819,47.683872698,2
B0043,18,3.4984,29.6917,1.60271,0.925126,94,Healthy,7.49,-0.0016099999999998893,0.929293,0.935344,47.587184507,2
B0043,19,3.4984,29.6142,1.59496,0.920653,93,Healthy,7.93,0.0,0.925126,0.933996,47.233464432,2
B0043,20,3.49784,29.6493,1.5908,0.918253,92,Healthy,8.17,-0.000560000000000116,0.920653,0.929293,47.16610644,2
B0043,21,3.49314,29.9932,1.61002,0.929346,91,Healthy,7.07,-0.0047000000000001485,0.918253,0.925126,48.289651864,2
B0043,22,3.50027,30.6813,1.60487,0.926375,90,Healthy,7.36,0.007130000000000081,0.929346,0.920653,49.239497931,2
B0043,23,3.50266,30.8712,1.59597,0.921234,89,Healthy,7.88,0.0023900000000001143,0.926375,0.918253,49.269509064000005,2
B0043,24,3.50015,30.785,1.58565,0.915276,88,Healthy,8.47,-0.0025100000000000122,0.921234,0.929346,48.81423525,2
B0043,25,3.49676,30.5815,1.57967,0.911828,87,Healthy,8.82,-0.003390000000000004,0.915276,0.926375,48.30867810499999,2
B0043,26,3.49462,30.5231,1.5737,0.908382,86,Healthy,9.16,-0.002140000000000253,0.911828,0.921234,48.034202470000004,2
B0043,27,3.49937,30.8784,1.56923,0.9058,85,Healthy,9.42,0.004750000000000032,0.908382,0.915276,48.455311632,2
B0043,28,3.49982,31.2259,1.56505,0.903388,84,Healthy,9.66,0.0004500000000002835,0.9058,0.911828,48.870094795,2
B0043,29,3.50095,31.1157,1.55803,0.899336,83,Warning,10.07,0.0011299999999998533,0.903388,0.908382,48.479194071,1
B0043,30,3.49687,31.1306,1.55819,0.899426,82,Warning,10.06,-0.0040800000000000836,0.899336,0.9058,48.507389614,1
B0043,31,3.48954,30.8372,1.54664,0.892763,81,Warning,10.72,-0.007330000000000059,0.899426,0.903388,47.694047008,1
B0043,32,3.48781,30.6166,1.5406,0.889273,80,Warning,11.07,-0.0017299999999997873,0.892763,0.899336,47.16793396,1
B0043,33,3.49255,30.9921,1.53556,0.886366,79,Warning,11.36,0.0047399999999999665,0.889273,0.899426,47.590229076,1
B0043,34,3.48492,30.9683,1.52828,0.882161,78,Warning,11.78,-0.007630000000000248,0.886366,0.892763,47.328233524,1
B0043,35,3.48429,30.5854,1.51587,0.875002,77,Warning,12.5,-0.0006299999999996864,0.882161,0.889273,46.363490298,1
B0043,36,3.48222,30.3381,1.50842,0.870701,76,Warning,12.93,-0.0020700000000002383,0.875002,0.886366,45.762596802000004,1
B0043,37,3.47547,30.4073,1.50871,0.87087,75,Warning,12.91,-0.006749999999999812,0.870701,0.882161,45.875797583,1
B0043,38,3.4772,30.8318,1.50851,0.87075,74,Warning,12.92,0.0017299999999997873,0.87087,0.875002,46.510078618,1
B0043,39,3.48245,31.0708,1.50146,0.86668,73,Warning,13.33,0.005250000000000199,0.87075,0.870701,46.651563368,1
B0043,40,3.48034,31.0385,1.49342,0.862039,72,Warning,13.8,-0.0021100000000000563,0.86668,0.87087,46.35351667,1
B0043,41,3.47354,30.6255,1.4857,0.857583,71,Warning,14.24,-0.006800000000000139,0.862039,0.87075,45.50030535,1
B0043,88,3.46939,7.78485,1.54789,0.893481,24,Warning,10.65,-0.004149999999999654,0.857583,0.86668,12.0500914665,1
B0043,89,3.48816,7.68455,1.57546,0.909399,23,Healthy,9.06,0.018769999999999953,0.893481,0.862039,12.106701143,2
B0043,90,3.48835,7.72036,1.56567,0.903745,22,Healthy,9.63,0.00018999999999991246,0.909399,0.857583,12.0875360412,2
B0043,91,3.48285,7.79501,1.55607,0.898203,21,Warning,10.18,-0.00550000000000006,0.903745,0.893481,12.129581210700001,1
B0043,92,3.47977,7.802,1.53821,0.887895,20,Warning,11.21,-0.0030800000000001937,0.898203,0.909399,12.00111442,1
B0043,93,3.47236,7.88542,1.53049,0.883441,19,Warning,11.66,-0.007409999999999695,0.887895,0.903745,12.0685564558,1
B0043,94,3.46397,7.87409,1.51274,0.873192,18,Warning,12.68,-0.008389999999999898,0.883441,0.898203,11.911450906599999,1
B0043,95,3.46217,7.84091,1.50478,0.868596,17,Warning,13.14,-0.0018000000000002458,0.873192,0.887895,11.7988445498,1
B0043,96,3.45698,7.86613,1.49343,0.862045,16,Warning,13.8,-0.005189999999999806,0.868596,0.883441,11.7475145259,1
B0043,97,3.44749,7.94376,1.48338,0.856243,15,Warning,14.38,-0.009489999999999998,0.862045,0.873192,11.7836147088,1
B0043,98,3.44583,8.0251,1.46932,0.848132,14,Warning,15.19,-0.0016600000000002169,0.856243,0.868596,11.791439932,1
B0043,99,3.43588,7.90928,1.45961,0.842522,13,Warning,15.75,-0.009949999999999903,0.848132,0.862045,11.5444641808,1
B0043,100,3.43937,7.97646,1.44684,0.835155,12,Warning,16.48,0.003489999999999771,0.842522,0.856243,11.5406613864,1
B0043,101,3.4376,7.96815,1.43201,0.826591,11,Warning,17.34,-0.0017699999999996052,0.835155,0.848132,11.410470481499999,1
B0043,102,3.43272,7.91928,1.41712,0.818,10,Warning,18.2,-0.0048799999999999955,0.826591,0.842522,11.222570073599998,1
B0043,103,3.43128,8.08785,1.40783,0.812638,9,Warning,18.74,-0.0014400000000001079,0.818,0.835155,11.386317865499999,1
B0043,104,3.42477,8.0151,1.39629,0.805974,8,Warning,19.4,-0.006510000000000016,0.812638,0.826591,11.191403979,1
B0043,105,3.42578,8.12949,1.389,0.801767,7,Warning,19.82,0.0010099999999999554,0.805974,0.818,11.291861610000002,1
B0043,106,3.41992,8.08966,1.37859,0.795757,6,Critical,20.42,-0.005860000000000198,0.801767,0.812638,11.1523243794,0
B0043,107,3.4199,8.1377,1.35949,0.784733,5,Critical,21.53,-1.9999999999686935e-05,0.795757,0.805974,11.063121773,0
B0043,108,3.41029,8.24006,1.3571,0.783352,4,Critical,21.66,-0.00961000000000034,0.784733,0.801767,11.182585426,0
B0043,109,3.40742,8.195,1.3458,0.776829,3,Critical,22.32,-0.002869999999999706,0.783352,0.795757,11.028831000000002,0
B0043,110,3.41287,8.18931,1.3319,0.768807,2,Critical,23.12,0.005449999999999733,0.776829,0.784733,10.907341989000003,0
B0043,111,3.40862,8.13947,1.31984,0.761848,1,Critical,23.82,-0.004249999999999865,0.768807,0.783352,10.742798084799999,0
B0043,112,3.40555,8.10989,1.30842,0.755253,0,Critical,24.47,-0.003070000000000128,0.761848,0.776829,10.611142273799999,0
B0044,1,3.44139,32.0353,1.68948,1.0,111,Healthy,0.0,0.0,1.0,1.0,54.122998644,2
B0044,2,3.45419,31.4042,1.66542,0.985756,110,Healthy,1.42,0.012799999999999923,1.0,0.985756,52.301182763999996,2
B0044,3,3.45379,31.11,1.6564,0.980419,109,Healthy,1.96,-0.00039999999999995595,0.985756,0.980419,51.530604000000004,2
B0044,4,3.45677,31.0782,1.64828,0.975615,108,Healthy,2.44,0.0029799999999999827,0.980419,1.0,51.225575496,2
B0044,5,3.46549,31.4441,1.63868,0.969933,107,Healthy,3.01,0.008719999999999839,0.975615,0.985756,51.526817787999995,2
B0044,6,3.52684,30.9573,1.46031,0.864357,106,Warning,13.56,0.061350000000000016,0.969933,0.980419,45.207254763,1
B0044,7,3.47037,31.5755,1.62977,0.96466,105,Healthy,3.53,-0.05647000000000002,0.864357,0.975615,51.460802635,2
B0044,8,3.46674,31.2473,1.61898,0.958271,104,Healthy,4.17,-0.0036299999999998,0.96466,0.969933,50.588753754,2
B0044,9,3.46558,31.0257,1.61061,0.953315,103,Healthy,4.67,-0.0011600000000000499,0.958271,0.864357,49.97030267700001,2
B0044,10,3.46171,30.8411,1.60339,0.949044,102,Healthy,5.1,-0.00387000000000004,0.953315,0.96466,49.450311329,2
B0044,11,3.46188,30.7723,1.60093,0.947589,101,Healthy,5.24,0.00016999999999978144,0.949044,0.958271,49.264298239,2
B0044,12,3.45759,30.8087,1.58714,0.939424,100,Healthy,6.06,-0.004289999999999683,0.947589,0.953315,48.897720118,2
B0044,13,3.46121,30.6954,1.58474,0.938006,99,Healthy,6.2,0.0036199999999997345,0.939424,0.949044,48.644228196,2
B0044,14,3.46345,30.6672,1.5746,0.932,98,Healthy,6.8,0.0022400000000000198,0.938006,0.947589,48.28857312,2
B0044,15,3.46339,30.6114,1.56638,0.927136,97,Healthy,7.29,-5.999999999994898e-05,0.932,0.939424,47.949084732,2
B0044,16,3.45981,30.6335,1.56384,0.925635,96,Healthy,7.44,-0.0035799999999999166,0.927136,0.938006,47.90589264,2
B0044,17,3.45932,30.6628,1.5556,0.920759,95,Healthy,7.92,-0.0004900000000001015,0.925635,0.932,47.699051680000004,2
B0044,18,3.45919,30.6356,1.54765,0.916052,94,Healthy,8.39,-0.00012999999999996348,0.920759,0.927136,47.41318634,2
B0044,19,3.4593,30.6452,1.53975,0.911377,93,Healthy,8.86,0.00010999999999983245,0.916052,0.925635,47.185946699999995,2
B0044,20,3.45498,30.67,1.53399,0.907963,92,Healthy,9.2,-0.0043199999999998795,0.911377,0.920759,47.0474733,2
B0044,21,3.46143,31.2443,1.54847,0.916534,91,Healthy,8.35,0.006450000000000067,0.907963,0.916052,48.380861220999996,2
B0044,22,3.46726,31.9782,1.54293,0.913254,90,Healthy,8.67,0.005830000000000002,0.916534,0.911377,49.340124126,2
B0044,23,3.46795,32.1945,1.53379,0.907846,89,Healthy,9.22,0.0006900000000000794,0.913254,0.907963,49.37960215499999,2
B0044,24,3.46634,32.0856,1.52328,0.901627,88,Healthy,9.84,-0.0016099999999998893,0.907846,0.916534,48.875352768,2
B0044,25,3.46056,31.9008,1.51697,0.89789,87,Warning,10.21,-0.005780000000000118,0.901627,0.913254,48.392556576,1
B0044,26,3.4614,31.7925,1.50458,0.890558,86,Warning,10.94,0.0008399999999997299,0.89789,0.907846,47.83435965,1
B0044,27,3.46285,32.1524,1.50573,0.89124,85,Warning,10.88,0.0014500000000001734,0.890558,0.901627,48.412833252,1
B0044,28,3.46274,32.6088,1.50146,0.888711,84,Warning,11.13,-0.00010999999999983245,0.89124,0.89789,48.960808848000006,1
B0044,29,3.46076,32.4845,1.49404,0.884321,83,Warning,11.57,-0.001980000000000093,0.888711,0.890558,48.533142379999994,1
B0044,30,3.45655,32.3022,1.4878,0.880627,82,Warning,11.94,-0.004210000000000047,0.884321,0.89124,48.05921316,1
B0044,31,3.45422,32.1257,1.48117,0.8767,81,Warning,12.33,-0.0023300000000001653,0.880627,0.888711,47.583623069000005,1
B0044,32,3.4552,31.6969,1.4698,0.869971,80,Warning,13.0,0.000980000000000203,0.8767,0.884321,46.58810362,1
B0044,33,3.45217,32.1144,1.47577,0.873506,79,Warning,12.65,-0.003029999999999866,0.869971,0.880627,47.393468088000006,1
B0044,34,3.45044,32.0558,1.46803,0.868923,78,Warning,13.11,-0.0017300000000002314,0.873506,0.8767,47.058876074,1
B0044,35,3.45167,31.6713,1.45028,0.858419,77,Warning,14.16,0.0012300000000000644,0.868923,0.869971,45.932252964,1
B0044,36,3.44867,31.4215,1.44256,0.853846,76,Warning,14.62,-0.0030000000000001137,0.858419,0.873506,45.32739904,1
B0044,37,3.4425,31.5184,1.44248,0.853803,75,Warning,14.62,-0.006170000000000009,0.853846,0.868923,45.464661632,1
B0044,38,3.44594,31.8501,1.44213,0.853596,74,Warning,14.64,0.0034399999999998876,0.853803,0.858419,45.931984713,1
B0044,39,3.44945,32.1184,1.43485,0.849287,73,Warning,15.07,0.003510000000000346,0.853596,0.853846,46.08508624,1
B0044,40,3.4465,32.1503,1.42647,0.844326,72,Warning,15.57,-0.00295000000000023,0.849287,0.853803,45.861438441,1
B0044,41,3.44344,31.7128,1.41854,0.839628,71,Warning,16.04,-0.0030600000000000627,0.844326,0.853596,44.985875312,1
B0044,88,3.43896,7.82678,1.47996,0.875983,24,Warning,12.4,-0.0044800000000000395,0.839628,0.849287,11.5833213288,1
B0044,89,3.45835,7.72549,1.49618,0.885583,23,Warning,11.44,0.01939000000000002,0.875983,0.844326,11.558723628200001,1
B0044,90,3.45675,7.77313,1.49006,0.881963,22,Warning,11.8,-0.0015999999999998238,0.885583,0.839628,11.582430087799999,1
B0044,91,3.45337,7.84982,1.4769,0.874174,21,Warning,12.58,-0.0033799999999999386,0.881963,0.875983,11.593399158,1
B0044,92,3.45365,7.86061,1.46247,0.865635,20,Warning,13.44,0.000280000000000058,0.874174,0.885583,11.4959063067,1
B0044,93,3.44647,7.92153,1.45446,0.860889,19,Warning,13.91,-0.007179999999999964,0.865635,0.881963,11.5215485238,1
B0044,94,3.43653,7.89841,1.44577,0.855749,18,Warning,14.43,-0.009940000000000282,0.860889,0.874174,11.4192842257,1
B0044,95,3.43856,7.82085,1.4321,0.84766,17,Warning,15.23,0.0020299999999999763,0.855749,0.865635,11.200239285,1
B0044,96,3.43693,7.83144,1.41608,0.838176,16,Warning,16.18,-0.0016300000000000203,0.84766,0.860889,11.0899455552,1
B0044,97,3.43456,7.87427,1.39943,0.828318,15,Warning,17.17,-0.0023699999999999832,0.838176,0.855749,11.0194896661,1
B0044,98,3.43122,7.96369,1.38865,0.821941,14,Warning,17.81,-0.0033399999999996766,0.828318,0.84766,11.0587781185,1
B0044,99,3.42389,7.82121,1.37459,0.813617,13,Warning,18.64,-0.007330000000000059,0.821941,0.838176,10.750957053899999,1
B0044,100,3.43158,7.87084,1.36204,0.806188,12,Warning,19.38,0.007689999999999753,0.813617,0.828318,10.7203989136,1
B0044,101,3.42942,7.87156,1.35089,0.79959,11,Critical,20.04,-0.0021599999999999397,0.806188,0.821941,10.633611688399998,0
B0044,102,3.42891,7.7886,1.33558,0.790527,10,Critical,20.95,-0.0005099999999997884,0.79959,0.813617,10.402298388,0
B0044,103,3.41507,8.0267,1.34091,0.793684,9,Critical,20.63,-0.013840000000000074,0.790527,0.806188,10.763082297,0
B0044,104,3.42021,7.88021,1.31756,0.779862,8,Critical,22.01,0.005139999999999922,0.793684,0.79959,10.3826494876,0
B0044,105,3.41573,8.02434,1.32513,0.784343,7,Critical,21.57,-0.0044800000000000395,0.779862,0.790527,10.6332936642,0
B0044,106,3.41352,7.99052,1.31096,0.775955,6,Critical,22.4,-0.0022099999999998232,0.784343,0.793684,10.475252099199999,0
B0044,107,3.41772,8.01061,1.29198,0.764722,5,Critical,23.53,0.0041999999999999815,0.775955,0.779862,10.349547907799998,0
B0044,108,3.40877,8.12535,1.29536,0.766723,4,Critical,23.33,-0.008950000000000014,0.764722,0.784343,10.525253376,0
B0044,109,3.40921,8.01701,1.27748,0.756137,3,Critical,24.39,0.0004399999999997739,0.766723,0.775955,10.241569934800001,0
B0044,110,3.41049,8.01419,1.27082,0.752197,2,Critical,24.78,0.0012799999999999478,0.756137,0.764722,10.1845929358,0
B0044,111,3.41147,7.94483,1.25881,0.745088,1,Critical,25.49,0.000980000000000203,0.752197,0.766723,10.0010314523,0
B0044,112,3.40682,7.89837,1.25085,0.740375,0,Critical,25.96,-0.004649999999999821,0.745088,0.756137,9.8796761145,0
B0045,1,3.33112,9.55086,1.213,1.0,71,Healthy,0.0,0.0,1.0,1.0,11.585193180000001,2
B0045,2,3.32616,9.50161,1.07409,0.885479,70,Warning,11.45,-0.0049600000000000755,1.0,0.885479,10.205584284899999,1
B0045,3,3.34744,9.18234,1.0314,0.850287,69,Warning,14.97,0.02128000000000041,0.885479,0.850287,9.470665476,1
B0045,4,3.3477,9.12569,1.00107,0.825278,68,Warning,17.47,0.00025999999999992696,0.850287,1.0,9.135454488299999,1
B0045,5,3.35099,9.12916,0.976701,0.805192,67,Warning,19.48,0.003289999999999793,0.825278,0.885479,8.91645970116,1
B0045,6,3.34909,9.15711,0.95702,0.788967,66,Critical,21.1,-0.0019000000000000128,0.805192,0.850287,8.7635374122,0
B0045,7,3.33592,9.33374,0.933903,0.769909,65,Critical,23.01,-0.013169999999999682,0.788967,0.825278,8.71680778722,0
B0045,8,3.35386,9.40652,0.951697,0.784579,64,Critical,21.54,0.017939999999999845,0.769909,0.805192,8.952156864440001,0
B0045,9,3.36019,9.33299,0.934973,0.770791,63,Critical,22.92,0.006329999999999725,0.784579,0.788967,8.726093659270001,0
B0045,10,3.35233,9.44491,0.918239,0.756995,62,Critical,24.3,-0.007859999999999978,0.770791,0.769909,8.67268471349,0
B0045,11,3.36904,9.42684,0.904716,0.745847,61,Critical,25.42,0.016710000000000225,0.756995,0.784579,8.52861297744,0
B0045,12,3.36768,9.36997,0.899613,0.741641,60,Critical,25.84,-0.0013600000000000279,0.745847,0.770791,8.42934682161,0
B0045,13,3.32791,9.34071,0.917316,0.756234,59,Critical,24.38,-0.03976999999999986,0.741641,0.756995,8.56838273436,0
B0045,14,3.35032,9.30207,0.933792,0.769818,58,Critical,23.02,0.02240999999999982,0.756234,0.745847,8.68619854944,0
B0045,15,3.35933,9.31741,0.917736,0.756581,57,Critical,24.34,0.009009999999999962,0.769818,0.741641,8.55092258376,0
B0045,16,3.36959,9.2637,0.896734,0.739267,56,Critical,26.07,0.010260000000000158,0.756581,0.756234,8.3070747558,0
B0045,17,3.35892,9.34003,0.882674,0.727676,55,Critical,27.23,-0.01067000000000018,0.739267,0.769818,8.24420164022,0
B0045,18,3.36203,9.30056,0.875081,0.721416,54,Critical,27.86,0.003109999999999946,0.727676,0.756581,8.13874334536,0
B0045,19,3.35885,9.22281,0.86499,0.713097,53,Critical,28.69,-0.0031799999999999606,0.721416,0.739267,7.977638421900001,0
B0045,21,3.3787,9.09533,0.867836,0.715444,51,Critical,28.46,0.019849999999999923,0.713097,0.727676,7.893254805880001,0
B0045,22,3.34949,9.3666,0.85448,0.704432,50,Critical,29.56,-0.029209999999999958,0.715444,0.721416,8.003572368,0
B0045,23,3.35737,9.32504,0.846275,0.697668,49,Critical,30.23,0.00788000000000011,0.704432,0.713097,7.891548225999999,0
B0045,24,3.34915,9.38605,0.841987,0.694134,48,Critical,30.59,-0.008220000000000116,0.697668,0.715444,7.9029320813499995,0
B0045,25,3.34778,9.4706,0.83947,0.692059,47,Critical,30.79,-0.0013699999999996493,0.694134,0.704432,7.950284582,0
B0045,26,3.36707,9.2508,0.826502,0.681367,46,Critical,31.86,0.019289999999999807,0.692059,0.697668,7.6458047015999995,0
B0045,27,3.36227,9.16167,0.82387,0.679198,45,Critical,32.08,-0.0047999999999999154,0.681367,0.694134,7.548025062900001,0
B0045,28,3.34196,9.47966,0.82277,0.678291,44,Critical,32.17,-0.020310000000000272,0.679198,0.692059,7.7995798582,0
B0045,29,3.34989,9.34564,0.811631,0.669108,43,Critical,33.09,0.007929999999999993,0.678291,0.681367,7.585211138839999,0
B0045,30,3.36969,9.24707,0.818196,0.67452,42,Critical,32.55,0.01980000000000004,0.669108,0.679198,7.565915685720001,0
B0045,31,3.34713,9.43719,0.818316,0.674619,41,Critical,32.54,-0.022559999999999913,0.67452,0.678291,7.72260357204,0
B0045,32,3.35601,9.32662,0.810112,0.667856,40,Critical,33.21,0.008879999999999999,0.674619,0.669108,7.555606781440001,0
B0045,33,3.34688,9.40763,0.810657,0.668305,39,Critical,33.17,-0.00912999999999986,0.667856,0.67452,7.626361112909999,0
B0045,34,3.32499,9.38955,0.819484,0.675582,38,Critical,32.44,-0.021889999999999965,0.668305,0.674619,7.6945859921999995,0
B0045,35,3.35941,9.34929,0.850256,0.700951,37,Critical,29.9,0.034419999999999895,0.675582,0.667856,7.94928991824,0
B0045,36,3.33276,9.44154,0.847314,0.698525,36,Critical,30.15,-0.026650000000000063,0.700951,0.668305,7.99994902356,0
B0045,37,3.35591,9.35923,0.825228,0.680317,35,Critical,31.97,0.023150000000000226,0.698525,0.675582,7.72349865444,0
B0045,38,3.35179,9.27439,0.812129,0.669519,34,Critical,33.05,-0.004120000000000346,0.680317,0.700951,7.53200107631,0
B0045,39,3.33197,9.4297,0.820109,0.676098,33,Critical,32.39,-0.019819999999999727,0.669519,0.698525,7.7333818373000005,0
B0045,40,3.3461,9.39488,0.797478,0.65744,32,Critical,34.26,0.014129999999999754,0.676098,0.680317,7.4922101126400005,0
B0045,41,3.34289,9.43076,0.804874,0.663537,31,Critical,33.65,-0.003209999999999713,0.65744,0.669519,7.590573524239999,0
B0045,42,3.35492,9.22484,0.773876,0.637983,30,Critical,36.2,0.012029999999999763,0.663537,0.676098,7.138882279840001,0
B0045,43,3.34436,9.40383,0.790475,0.651667,29,Critical,34.83,-0.010559999999999903,0.637983,0.65744,7.43349251925,0
B0045,44,3.33453,9.50088,0.780764,0.643662,28,Critical,35.63,-0.009830000000000005,0.651667,0.663537,7.41794507232,0
B0045,45,3.3175,9.56218,0.788526,0.65006,27,Critical,34.99,-0.0170300000000001,0.643662,0.637983,7.540027546679999,0
B0045,46,3.34085,9.26144,0.779495,0.642615,26,Critical,35.74,0.023350000000000204,0.65006,0.651667,7.219246172800001,0
B0045,47,3.30746,9.66258,0.784165,0.646465,25,Critical,35.35,-0.03339000000000025,0.642615,0.643662,7.5770570457,0
B0045,48,3.33972,9.43016,0.777216,0.640736,24,Critical,35.93,0.032259999999999955,0.646465,0.65006,7.329271234560001,0
B0045,49,3.33018,9.45057,0.768152,0.633264,23,Critical,36.67,-0.009539999999999882,0.640736,0.642615,7.25947424664,0
B0045,50,3.31591,9.58196,0.769341,0.634245,22,Critical,36.58,-0.014269999999999783,0.633264,0.646465,7.3717946883600005,0
B0045,51,3.32654,9.56425,0.773021,0.637278,21,Critical,36.27,0.010629999999999917,0.634245,0.640736,7.393366099249999,0
B0045,52,3.32086,9.51209,0.772465,0.63682,20,Critical,36.32,-0.005679999999999907,0.637278,0.633264,7.3477566018500005,0
B0045,53,3.33553,9.34014,0.757515,0.624495,19,Critical,37.55,0.014669999999999739,0.63682,0.634245,7.0752961521,0
B0045,54,3.24545,10.1172,0.760854,0.627247,18,Critical,37.28,-0.09007999999999994,0.624495,0.637278,7.6977120888,0
B0045,55,3.30956,9.39893,0.774797,0.638742,17,Critical,36.13,0.06410999999999989,0.627247,0.63682,7.28226276721,0
B0045,56,3.31999,9.64985,0.810235,0.667957,16,Critical,33.2,0.010430000000000383,0.638742,0.624495,7.818646214750001,0
B0045,57,3.3226,9.60817,0.799317,0.658956,15,Critical,34.1,0.002609999999999779,0.667957,0.627247,7.67997361989,0
B0045,58,3.3008,9.65154,0.779806,0.642871,14,Critical,35.71,-0.02179999999999982,0.658956,0.638742,7.526328801240001,0
B0045,59,3.33249,9.51641,0.773605,0.63776,13,Critical,36.22,0.031689999999999774,0.642871,0.667957,7.36194235805,0
B0045,60,3.31362,9.7004,0.774388,0.638405,12,Critical,36.16,-0.018870000000000164,0.63776,0.658956,7.5118733552,0
B0045,61,3.28895,9.6784,0.746906,0.615749,11,Critical,38.43,-0.02466999999999997,0.638405,0.642871,7.228855030399999,0
B0045,62,3.31937,9.5338,0.74866,0.617195,10,Critical,38.28,0.030420000000000336,0.615749,0.63776,7.137574708,0
B0045,63,3.32846,9.61291,0.766803,0.632152,9,Critical,36.78,0.009090000000000042,0.617195,0.638405,7.371208226729999,0
B0045,64,3.30784,9.70312,0.767796,0.63297,8,Critical,36.7,-0.020620000000000083,0.632152,0.615749,7.45001672352,0
B0045,65,3.31536,9.59269,0.752795,0.620604,7,Critical,37.94,0.007519999999999971,0.63297,0.617195,7.221329068549999,0
B0045,67,3.26952,9.77299,0.771744,0.636226,5,Critical,36.38,-0.0458400000000001,0.620604,0.632152,7.54224639456,0
B0045,68,3.3283,9.52126,0.789296,0.650695,4,Critical,34.93,0.058780000000000054,0.636226,0.63297,7.5150924329599995,0
B0045,69,3.34093,9.50948,0.775491,0.639315,3,Critical,36.07,0.012630000000000141,0.650695,0.620604,7.37451615468,0
B0045,70,3.32055,9.51623,0.761734,0.627973,2,Critical,37.2,-0.020380000000000287,0.639315,0.636226,7.24883594282,0
B0045,71,3.31273,9.69582,0.756496,0.623655,1,Critical,37.63,-0.007819999999999716,0.627973,0.650695,7.334849046719999,0
B0045,72,3.3113,9.55973,0.749301,0.617723,0,Critical,38.23,-0.0014300000000000423,0.623655,0.639315,7.16311524873,0
B0046,1,3.44096,9.03589,1.79818,1.0,71,Healthy,0.0,0.0,1.0,1.0,16.2481566802,2
B0046,2,3.42525,8.87211,1.57811,0.877614,70,Warning,12.24,-0.01570999999999989,1.0,0.877614,14.001165512099998,1
B0046,3,3.42412,8.63384,1.56405,0.869795,69,Warning,13.02,-0.0011300000000002974,0.877614,0.869795,13.503757451999999,1
B0046,4,3.42361,8.63136,1.54819,0.860974,68,Warning,13.9,-0.0005099999999997884,0.869795,1.0,13.3629852384,1
B0046,5,3.42115,8.67697,1.53579,0.854078,67,Warning,14.59,-0.0024600000000001288,0.860974,0.877614,13.3260037563,1
B0046,6,3.41821,8.71476,1.52549,0.848351,66,Warning,15.16,-0.0029399999999997206,0.854078,0.869795,13.294279232400001,1
B0046,7,3.3896,8.95216,1.52496,0.848059,65,Warning,15.19,-0.028610000000000024,0.848351,0.860974,13.6516859136,1
B0046,8,3.40335,8.96528,1.52976,0.850725,64,Warning,14.93,0.013749999999999929,0.848059,0.854078,13.714726732799999,1
B0046,9,3.40899,8.85708,1.51129,0.840457,63,Warning,15.95,0.005640000000000089,0.850725,0.848351,13.3856164332,1
B0046,10,3.40534,8.95119,1.49949,0.83389,62,Warning,16.61,-0.003650000000000375,0.840457,0.848059,13.422219893100001,1
B0046,11,3.40325,8.96616,1.48759,0.827272,61,Warning,17.27,-0.0020899999999999253,0.83389,0.850725,13.3379699544,1
B0046,12,3.39677,8.97293,1.47976,0.822921,60,Warning,17.71,-0.006479999999999819,0.827272,0.840457,13.2777828968,1
B0046,13,3.3722,9.0328,1.49888,0.833555,59,Warning,16.64,-0.024570000000000203,0.822921,0.83389,13.539083264,1
B0046,14,3.39621,8.86661,1.50975,0.8396,58,Warning,16.04,0.024010000000000087,0.833555,0.827272,13.386364447499998,1
B0046,15,3.39897,8.91722,1.49452,0.831132,57,Warning,16.89,0.0027599999999998737,0.8396,0.822921,13.326963634400002,1
B0046,16,3.39568,8.93451,1.474,0.819717,56,Warning,18.03,-0.003289999999999793,0.831132,0.833555,13.169467739999998,1
B0046,17,3.39034,9.00045,1.46536,0.814911,55,Warning,18.51,-0.0053399999999999,0.819717,0.8396,13.188899412000001,1
B0046,18,3.38756,9.01672,1.45289,0.807977,54,Warning,19.2,-0.0027800000000000047,0.814911,0.831132,13.1003023208,1
B0046,19,3.37559,8.99959,1.44254,0.802223,53,Warning,19.78,-0.011970000000000258,0.807977,0.819717,12.9822685586,1
B0046,21,3.37714,9.07358,1.49101,0.82918,51,Warning,17.08,0.0015499999999999403,0.802223,0.814911,13.528798515799998,1
B0046,22,3.37391,9.0357,1.42468,0.792287,50,Critical,20.77,-0.003229999999999844,0.82918,0.807977,12.872981076,0
B0046,23,3.37304,9.04285,1.41065,0.78449,49,Critical,21.55,-0.0008699999999999264,0.792287,0.802223,12.7562963525,0
B0046,24,3.36181,9.10348,1.4036,0.780569,48,Critical,21.94,-0.011229999999999851,0.78449,0.82918,12.777644527999998,0
B0046,25,3.3676,9.08627,1.39405,0.775255,47,Critical,22.47,0.00578999999999974,0.780569,0.792287,12.666714693500001,0
B0046,26,3.36196,9.11349,1.38513,0.770298,46,Critical,22.97,-0.005640000000000089,0.775255,0.78449,12.6233684037,0
B0046,27,3.36077,8.97748,1.36981,0.761776,45,Critical,23.82,-0.0011899999999998023,0.770298,0.780569,12.297441878799999,0
B0046,28,3.35813,9.20552,1.36473,0.758953,44,Critical,24.1,-0.0026399999999999757,0.761776,0.775255,12.5630493096,0
B0046,29,3.34541,9.15397,1.36088,0.756811,43,Critical,24.32,-0.012719999999999843,0.758953,0.770298,12.457454693599999,0
B0046,30,3.3538,9.11135,1.34997,0.75074,42,Critical,24.93,0.008389999999999898,0.756811,0.761776,12.300049159499999,0
B0046,31,3.35066,9.16382,1.34023,0.745327,41,Critical,25.47,-0.0031400000000001427,0.75074,0.758953,12.2816264786,0
B0046,32,3.34905,9.16533,1.32894,0.739045,40,Critical,26.1,-0.0016099999999998893,0.745327,0.756811,12.1801736502,0
B0046,33,3.34216,9.19131,1.32591,0.737363,39,Critical,26.26,-0.006890000000000285,0.739045,0.75074,12.186849842099999,0
B0046,34,3.3205,9.27416,1.37204,0.763017,38,Critical,23.7,-0.02165999999999979,0.737363,0.745327,12.7245184864,0
B0046,35,3.34926,9.27198,1.39544,0.776027,37,Critical,22.4,0.02876000000000012,0.763017,0.739045,12.938491771199999,0
B0046,36,3.35745,9.03399,1.36499,0.759097,36,Critical,24.09,0.00818999999999992,0.776027,0.737363,12.331306010099999,0
B0046,37,3.35353,9.17212,1.35149,0.751589,35,Critical,24.84,-0.0039199999999999235,0.759097,0.763017,12.3960284588,0
B0046,38,3.34707,9.09337,1.33927,0.744793,34,Critical,25.52,-0.006460000000000132,0.751589,0.776027,12.1784776399,0
B0046,39,3.3485,9.11993,1.32305,0.735773,33,Critical,26.42,0.0014300000000000423,0.744793,0.759097,12.066123386500001,0
B0046,40,3.33282,9.18535,1.32117,0.734727,32,Critical,26.53,-0.01568000000000014,0.735773,0.751589,12.1354088595,0
B0046,41,3.34377,9.15697,1.30364,0.724975,31,Critical,27.5,0.010950000000000237,0.734727,0.744793,11.937392370799998,0
B0046,42,3.33677,9.08775,1.29346,0.719318,30,Critical,28.07,-0.007000000000000117,0.724975,0.735773,11.754641115,0
B0046,43,3.33306,9.18446,1.28816,0.716369,29,Critical,28.36,-0.00370999999999988,0.719318,0.734727,11.8310539936,0
B0046,44,3.32538,9.2407,1.27424,0.708626,28,Critical,29.14,-0.007680000000000131,0.716369,0.724975,11.774869568000002,0
B0046,45,3.31924,9.1946,1.27185,0.7073,27,Critical,29.27,-0.006139999999999812,0.708626,0.719318,11.694152009999998,0
B0046,46,3.32736,9.04666,1.26238,0.702032,26,Critical,29.8,0.008119999999999905,0.7073,0.716369,11.4203226508,0
B0046,47,3.32596,9.26196,1.25642,0.698715,25,Critical,30.13,-0.00140000000000029,0.702032,0.708626,11.6369117832,0
B0046,48,3.32224,9.25299,1.25096,0.695681,24,Critical,30.43,-0.0037199999999999456,0.698715,0.7073,11.5751203704,0
B0046,49,3.32316,9.27731,1.24126,0.690289,23,Critical,30.97,0.000920000000000254,0.695681,0.702032,11.5155538106,0
B0046,50,3.31148,9.33113,1.23939,0.689246,22,Critical,31.08,-0.011680000000000135,0.690289,0.698715,11.5649092107,0
B0046,51,3.31704,9.26682,1.23254,0.685438,21,Critical,31.46,0.005560000000000009,0.689246,0.695681,11.421726322799998,0
B0046,52,3.3145,9.20992,1.22334,0.680318,20,Critical,31.97,-0.0025400000000002088,0.685438,0.690289,11.2668635328,0
B0046,53,3.31593,9.17214,1.21335,0.674763,19,Critical,32.52,0.0014300000000000423,0.680318,0.689246,11.129016069,0
B0046,55,3.29383,9.2736,1.32769,0.738353,17,Critical,26.16,-0.02210000000000001,0.674763,0.685438,12.312465984000001,0
B0046,56,3.32059,9.31164,1.30606,0.726321,16,Critical,27.37,0.02676000000000034,0.738353,0.680318,12.161560538400002,0
B0046,57,3.33214,9.3065,1.28288,0.713434,15,Critical,28.66,0.011549999999999727,0.726321,0.674763,11.93912272,0
B0046,58,3.32731,9.37282,1.26817,0.705251,14,Critical,29.47,-0.004829999999999668,0.713434,0.738353,11.8863291394,0
B0046,59,3.3264,9.56598,1.26309,0.702429,13,Critical,29.76,-0.0009100000000001884,0.705251,0.726321,12.0826936782,0
B0046,60,3.32408,9.61325,1.2523,0.696425,12,Critical,30.36,-0.0023200000000000998,0.702429,0.713434,12.038672975,0
B0046,61,3.28755,9.67069,1.26165,0.701625,11,Critical,29.84,-0.03652999999999995,0.696425,0.705251,12.2010260385,0
B0046,62,3.31237,9.66007,1.27461,0.708835,10,Critical,29.12,0.024820000000000064,0.701625,0.702429,12.3128218227,0
B0046,63,3.32027,9.61073,1.25555,0.698232,9,Critical,30.18,0.007899999999999796,0.708835,0.696425,12.0667520515,0
B0046,64,3.322,9.50961,1.23625,0.687503,8,Critical,31.25,0.0017300000000002314,0.698232,0.701625,11.756255362500001,0
B0046,65,3.317,9.55377,1.23056,0.684335,7,Critical,31.57,-0.004999999999999893,0.687503,0.708835,11.756487211200001,0
B0046,67,3.30483,9.68933,1.36216,0.757523,5,Critical,24.25,-0.012170000000000236,0.684335,0.698232,13.198417752800001,0
B0046,68,3.32094,9.5566,1.30104,0.723531,4,Critical,27.65,0.016109999999999847,0.757523,0.687503,12.433518864,0
B0046,69,3.33091,9.49892,1.28132,0.712567,3,Critical,28.74,0.009970000000000034,0.723531,0.684335,12.1711561744,0
B0046,70,3.32231,9.54052,1.27324,0.70807,2,Critical,29.19,-0.008599999999999941,0.712567,0.757523,12.1473716848,0
B0046,71,3.32652,9.51983,1.25167,0.696077,1,Critical,30.39,0.004210000000000047,0.70807,0.723531,11.915685616100001,0
B0046,72,3.32566,9.50863,1.24169,0.690527,0,Critical,30.95,-0.0008599999999998609,0.696077,0.712567,11.8067707847,0
B0047,1,3.47369,8.27663,1.70598,1.0,71,Healthy,0.0,0.0,1.0,1.0,14.119765247400002,2
B0047,2,3.47656,8.21072,1.54859,0.907741,70,Healthy,9.23,0.00287000000000015,1.0,0.907741,12.7150388848,2
B0047,3,3.47077,7.95445,1.53237,0.898232,69,Warning,10.18,-0.005790000000000184,0.907741,0.898232,12.1891605465,1
B0047,4,3.46824,7.98016,1.51171,0.886123,68,Warning,11.39,-0.002529999999999699,0.898232,1.0,12.0636876736,1
B0047,5,3.46106,8.01712,1.4953,0.876506,67,Warning,12.35,-0.007180000000000408,0.886123,0.907741,11.987999536,1
B0047,6,3.45975,8.02812,1.47711,0.865841,66,Warning,13.42,-0.0013099999999997003,0.876506,0.898232,11.8584163332,1
B0047,7,3.4391,8.16064,1.47412,0.864088,65,Warning,13.59,-0.02065000000000028,0.865841,0.886123,12.029762636800003,1
B0047,8,3.4481,8.2309,1.4632,0.857687,64,Warning,14.23,0.009000000000000341,0.864088,0.876506,12.04345288,1
B0047,9,3.44967,8.14694,1.44385,0.846346,63,Warning,15.37,0.0015699999999996272,0.857687,0.865841,11.762959319000002,1
B0047,10,3.44491,8.25189,1.42838,0.837276,62,Warning,16.27,-0.004759999999999653,0.846346,0.864088,11.786834638199998,1
B0047,11,3.44183,8.23497,1.41319,0.82837,61,Warning,17.16,-0.0030800000000001937,0.837276,0.857687,11.6375772543,1
B0047,12,3.43447,8.26924,1.4013,0.821404,60,Warning,17.86,-0.007359999999999811,0.82837,0.846346,11.587686011999999,1
B0047,13,3.43069,8.22565,1.43848,0.843196,59,Warning,15.68,-0.0037800000000003386,0.821404,0.837276,11.832433012,1
B0047,14,3.44208,8.16127,1.43444,0.84083,58,Warning,15.92,0.011390000000000011,0.843196,0.82837,11.706852138799999,1
B0047,15,3.44247,8.25301,1.41547,0.829707,57,Warning,17.03,0.0003900000000003345,0.84083,0.821404,11.681888064699999,1
B0047,16,3.43195,8.29855,1.3992,0.820169,56,Warning,17.98,-0.010520000000000085,0.829707,0.843196,11.61133116,1
B0047,17,3.43275,8.31811,1.37851,0.808044,55,Warning,19.2,0.0007999999999999119,0.820169,0.84083,11.4665978161,1
B0047,18,3.42754,8.29742,1.36177,0.798235,54,Critical,20.18,-0.005209999999999937,0.808044,0.829707,11.299177633400001,0
B0047,19,3.41711,8.32014,1.34788,0.790092,53,Critical,20.99,-0.01042999999999994,0.798235,0.820169,11.2145503032,0
B0047,21,3.41439,8.3875,1.37223,0.804365,51,Warning,19.56,-0.0027200000000000557,0.790092,0.808044,11.509579125,1
B0047,22,3.41882,8.29181,1.32169,0.774735,50,Critical,22.53,0.004430000000000156,0.804365,0.798235,10.9592023589,0
B0047,23,3.41483,8.30671,1.31086,0.768391,49,Critical,23.16,-0.003990000000000382,0.774735,0.790092,10.8889338706,0
B0047,24,3.40959,8.40176,1.29697,0.760246,48,Critical,23.98,-0.005239999999999689,0.768391,0.804365,10.8968306672,0
B0047,25,3.40562,8.39672,1.29528,0.75926,47,Critical,24.07,-0.003970000000000251,0.760246,0.774735,10.8761034816,0
B0047,26,3.40715,8.40663,1.27856,0.749457,46,Critical,25.05,0.0015300000000002534,0.75926,0.768391,10.748380852799999,0
B0047,27,3.40265,8.28763,1.26711,0.742745,45,Critical,25.73,-0.0045000000000001705,0.749457,0.760246,10.5013388493,0
B0047,28,3.39874,8.4919,1.26145,0.739426,44,Critical,26.06,-0.003909999999999858,0.742745,0.75926,10.712107255,0
B0047,29,3.39446,8.4297,1.25138,0.733523,43,Critical,26.65,-0.0042800000000000615,0.739426,0.749457,10.548757986,0
B0047,30,3.3896,8.43978,1.25086,0.733217,42,Critical,26.68,-0.004859999999999864,0.733523,0.742745,10.556983210800002,0
B0047,31,3.38863,8.46982,1.24093,0.7274,41,Critical,27.26,-0.0009700000000001374,0.733217,0.739426,10.510453732600002,0
B0047,32,3.39327,8.4592,1.2256,0.718411,40,Critical,28.16,0.004639999999999755,0.7274,0.733523,10.367595519999998,0
B0047,33,3.38346,8.48922,1.22393,0.717434,39,Critical,28.26,-0.009809999999999874,0.718411,0.733217,10.390211034599998,0
B0047,34,3.38447,8.47706,1.29781,0.760743,38,Critical,23.93,0.0010099999999999554,0.717434,0.7274,11.0016132386,0
B0047,35,3.4021,8.55313,1.30256,0.763524,37,Critical,23.65,0.017630000000000035,0.760743,0.718411,11.140965012799999,0
B0047,36,3.40488,8.33595,1.2805,0.750594,36,Critical,24.94,0.0027800000000000047,0.763524,0.717434,10.674183975,0
B0047,37,3.39774,8.48147,1.26732,0.742868,35,Critical,25.71,-0.007139999999999702,0.750594,0.760743,10.7487365604,0
B0047,38,3.39209,8.41711,1.25082,0.733197,34,Critical,26.68,-0.005650000000000155,0.742868,0.763524,10.528289530199999,0
B0047,39,3.39555,8.46567,1.23396,0.723313,33,Critical,27.67,0.0034600000000000186,0.733197,0.750594,10.446298153199999,0
B0047,40,3.38471,8.50095,1.22838,0.720042,32,Critical,28.0,-0.01083999999999996,0.723313,0.742868,10.442396961,0
B0047,41,3.37958,8.53954,1.22746,0.7195,31,Critical,28.05,-0.005130000000000301,0.720042,0.733197,10.4819437684,0
B0047,42,3.38081,8.42061,1.20934,0.708881,30,Critical,29.11,0.0012300000000000644,0.7195,0.723313,10.1833804974,0
B0047,43,3.38203,8.51216,1.19988,0.703336,29,Critical,29.67,0.0012199999999999989,0.708881,0.720042,10.213570540800001,0
B0047,44,3.37642,8.54603,1.19395,0.699862,28,Critical,30.01,-0.005609999999999893,0.703336,0.7195,10.203532518500001,0
B0047,45,3.3729,8.44125,1.18725,0.695935,27,Critical,30.41,-0.0035199999999999676,0.699862,0.708881,10.0218740625,0
B0047,46,3.37864,8.33439,1.17809,0.690566,26,Critical,30.94,0.005739999999999856,0.695935,0.703336,9.818661515100002,0
B0047,47,3.37017,8.54898,1.18043,0.691932,25,Critical,30.81,-0.008469999999999978,0.690566,0.699862,10.0914724614,0
B0047,48,3.36792,8.54564,1.17476,0.68861,24,Critical,31.14,-0.0022500000000000853,0.691932,0.695935,10.039076046400002,0
B0047,49,3.37279,8.51192,1.1633,0.681893,23,Critical,31.81,0.004870000000000374,0.68861,0.690566,9.901916536,0
B0047,50,3.35726,8.57902,1.17085,0.686319,22,Critical,31.37,-0.015530000000000044,0.681893,0.691932,10.044745567,0
B0047,51,3.36662,8.51156,1.15579,0.67749,21,Critical,32.25,0.009360000000000035,0.686319,0.68861,9.8375759324,0
B0047,52,3.35782,8.50943,1.15898,0.679364,20,Critical,32.06,-0.008800000000000363,0.67749,0.681893,9.862259181399999,0
B0047,53,3.36864,8.4456,1.14091,0.668768,19,Critical,33.12,0.010820000000000274,0.679364,0.686319,9.635669496000002,0
B0047,55,3.37249,8.47657,1.234,0.723339,17,Critical,27.67,0.003849999999999909,0.668768,0.67749,10.460087380000001,0
B0047,56,3.38253,8.55444,1.23629,0.724677,16,Critical,27.53,0.010040000000000049,0.723339,0.679364,10.575768627599999,0
B0047,57,3.38394,8.60214,1.22582,0.718544,15,Critical,28.15,0.0014099999999999113,0.724677,0.668768,10.5446752548,0
B0047,58,3.3834,8.71755,1.20743,0.707762,14,Critical,29.22,-0.0005399999999999849,0.718544,0.723339,10.5258313965,0
B0047,59,3.38414,9.00353,1.20218,0.704687,13,Critical,29.53,0.0007399999999999629,0.707762,0.724677,10.8238636954,0
B0047,60,3.38278,9.02853,1.19104,0.698153,12,Critical,30.18,-0.0013600000000000279,0.704687,0.718544,10.7533403712,0
B0047,61,3.36196,9.03736,1.19787,0.702158,11,Critical,29.78,-0.02082000000000006,0.698153,0.707762,10.8255824232,0
B0047,62,3.37617,9.08214,1.20466,0.706139,10,Critical,29.39,0.014210000000000278,0.702158,0.704687,10.940890772400001,0
B0047,63,3.38032,9.03974,1.19432,0.700074,9,Critical,29.99,0.004150000000000098,0.706139,0.698153,10.7963422768,0
B0047,64,3.37627,8.97447,1.18364,0.693816,8,Critical,30.62,-0.004050000000000331,0.700074,0.702158,10.6225416708,0
B0047,65,3.37447,9.03688,1.17403,0.688185,7,Critical,31.18,-0.0017999999999998018,0.693816,0.706139,10.609568226399999,0
B0047,67,3.38508,9.09539,1.26127,0.739324,5,Critical,26.07,0.010609999999999786,0.688185,0.700074,11.4717425453,0
B0047,68,3.39009,9.00906,1.23891,0.726216,4,Critical,27.38,0.005009999999999959,0.739324,0.693816,11.1614145246,0
B0047,69,3.39199,8.95805,1.22558,0.7184,3,Critical,28.16,0.0019000000000000128,0.726216,0.688185,10.978806918999998,0
B0047,70,3.38355,8.98212,1.2133,0.711205,2,Critical,28.88,-0.008439999999999781,0.7184,0.739324,10.898006196,0
B0047,71,3.38382,9.03715,1.19863,0.702602,1,Critical,29.74,0.00026999999999999247,0.711205,0.726216,10.8321991045,0
B0047,72,3.38188,9.00904,1.18852,0.696679,0,Critical,30.33,-0.0019399999999998307,0.702602,0.7184,10.7074242208,0
B0048,1,3.46533,7.89527,1.66017,1.0,71,Healthy,0.0,0.0,1.0,1.0,13.1074903959,2
B0048,2,3.4562,7.96814,1.50585,0.907049,70,Healthy,9.3,-0.00912999999999986,1.0,0.907049,11.998823619,2
B0048,3,3.45547,7.70823,1.50096,0.904102,69,Healthy,9.59,-0.0007299999999998974,0.907049,0.904102,11.569744900800002,2
B0048,4,3.45785,7.70934,1.48038,0.891704,68,Warning,10.83,0.0023800000000000487,0.904102,1.0,11.412752749200001,1
B0048,5,3.4562,7.73284,1.46652,0.88336,67,Warning,11.66,-0.0016500000000001513,0.891704,0.907049,11.340364516800001,1
B0048,6,3.4523,7.71927,1.45302,0.875225,66,Warning,12.48,-0.0038999999999997925,0.88336,0.904102,11.216253695399999,1
B0048,7,3.43662,7.85056,1.4538,0.875698,65,Warning,12.43,-0.01568000000000014,0.875225,0.891704,11.413144127999999,1
B0048,8,3.44521,7.89243,1.44646,0.871276,64,Warning,12.87,0.008589999999999876,0.875698,0.88336,11.416084297800001,1
B0048,9,3.44602,7.83927,1.43737,0.865801,63,Warning,13.42,0.0008099999999999774,0.871276,0.875225,11.2679315199,1
B0048,10,3.4441,7.90009,1.4193,0.854915,62,Warning,14.51,-0.0019199999999996997,0.865801,0.875698,11.212597737,1
B0048,11,3.44186,7.92901,1.40779,0.847984,61,Warning,15.2,-0.0022400000000000198,0.854915,0.871276,11.1623809879,1
B0048,12,3.43941,7.94649,1.39236,0.83869,60,Warning,16.13,-0.0024500000000000632,0.847984,0.865801,11.0643748164,1
B0048,13,3.42826,7.88536,1.42177,0.856405,59,Warning,14.36,-0.011150000000000215,0.83869,0.854915,11.2111682872,1
B0048,14,3.44073,7.80465,1.42115,0.85603,58,Warning,14.4,0.012469999999999981,0.856405,0.847984,11.091578347499999,1
B0048,15,3.44331,7.86528,1.40636,0.84712,57,Warning,15.29,0.0025800000000000267,0.85603,0.83869,11.061415180800001,1
B0048,16,3.43559,7.87807,1.3937,0.839492,56,Warning,16.05,-0.007719999999999949,0.84712,0.856405,10.979666158999999,1
B0048,17,3.43345,7.87868,1.37711,0.829501,55,Warning,17.05,-0.0021399999999998087,0.839492,0.85603,10.8498090148,1
B0048,18,3.43265,7.89945,1.3592,0.818711,54,Warning,18.13,-0.0007999999999999119,0.829501,0.84712,10.73693244,1
B0048,19,3.42588,7.89911,1.34615,0.81085,53,Warning,18.92,-0.006770000000000387,0.818711,0.839492,10.6333869265,1
B0048,21,3.42275,7.93474,1.37451,0.827937,51,Warning,17.21,-0.003129999999999633,0.81085,0.829501,10.906379477399998,1
B0048,22,3.4278,7.86097,1.32051,0.795407,50,Critical,20.46,0.005049999999999777,0.827937,0.818711,10.3804894947,0
B0048,23,3.42423,7.88432,1.31344,0.79115,49,Critical,20.88,-0.003569999999999851,0.795407,0.81085,10.3555812608,0
B0048,24,3.41775,7.94135,1.29919,0.782566,48,Critical,21.74,-0.006480000000000263,0.79115,0.827937,10.3173225065,0
B0048,25,3.41717,7.97486,1.30165,0.784047,47,Critical,21.6,-0.0005799999999998029,0.782566,0.795407,10.380476519,0
B0048,26,3.41507,7.95414,1.28482,0.773911,46,Critical,22.61,-0.0020999999999999908,0.784047,0.79115,10.2196381548,0
B0048,27,3.41141,7.85604,1.27743,0.769461,45,Critical,23.05,-0.0036599999999999966,0.773911,0.782566,10.0355411772,0
B0048,28,3.40584,8.01458,1.2757,0.768416,44,Critical,23.16,-0.005570000000000075,0.769461,0.784047,10.224199706,0
B0048,29,3.40453,7.95154,1.26158,0.759914,43,Critical,24.01,-0.0013100000000001444,0.768416,0.773911,10.031503833199999,0
B0048,30,3.40292,8.00819,1.2653,0.762151,42,Critical,23.78,-0.0016099999999998893,0.759914,0.769461,10.132762807000002,0
B0048,31,3.40559,8.02784,1.25133,0.753738,41,Critical,24.63,0.0026700000000001722,0.762151,0.768416,10.0454770272,0
B0048,32,3.40487,7.99716,1.23617,0.744603,40,Critical,25.54,-0.000720000000000276,0.753738,0.759914,9.8858492772,0
B0048,33,3.39736,8.04493,1.24224,0.748264,39,Critical,25.17,-0.007509999999999906,0.744603,0.762151,9.993733843200001,0
B0048,34,3.40078,8.0035,1.3058,0.786548,38,Critical,21.35,0.0034200000000002007,0.748264,0.753738,10.450970300000002,0
B0048,35,3.40938,8.0701,1.31981,0.794989,37,Critical,20.5,0.008599999999999941,0.786548,0.744603,10.650998680999999,0
B0048,36,3.41537,7.87994,1.291,0.777636,36,Critical,22.24,0.005989999999999718,0.794989,0.748264,10.17300254,0
B0048,37,3.40748,8.03249,1.28983,0.776931,35,Critical,22.31,-0.00788999999999973,0.777636,0.786548,10.3605465767,0
B0048,38,3.40474,7.91915,1.26949,0.764675,34,Critical,23.53,-0.0027400000000001867,0.776931,0.794989,10.0532817335,0
B0048,39,3.40687,7.98892,1.24857,0.752074,33,Critical,24.79,0.0021300000000001873,0.764675,0.777636,9.9747258444,0
B0048,40,3.3961,7.9983,1.25348,0.755031,32,Critical,24.5,-0.010769999999999946,0.752074,0.776931,10.025709084,0
B0048,41,3.39892,8.02107,1.25015,0.753024,31,Critical,24.7,0.0028199999999998226,0.755031,0.764675,10.027540660500001,0
B0048,42,3.39444,7.95849,1.23224,0.74224,30,Critical,25.78,-0.0044800000000000395,0.753024,0.752074,9.8067697176,0
B0048,43,3.39405,7.95088,1.22656,0.738815,29,Critical,26.12,-0.00038999999999989043,0.74224,0.755031,9.7522313728,0
B0048,44,3.3931,8.01121,1.22082,0.735358,28,Critical,26.46,-0.0009500000000000064,0.738815,0.753024,9.7802453922,0
B0048,45,3.38873,7.96368,1.20176,0.72388,27,Critical,27.61,-0.004370000000000207,0.735358,0.74224,9.5704320768,0
B0048,46,3.39627,7.81571,1.19694,0.720974,26,Critical,27.9,0.007540000000000102,0.72388,0.738815,9.3549359274,0
B0048,47,3.38922,8.03297,1.20737,0.727261,25,Critical,27.27,-0.007050000000000001,0.720974,0.735358,9.698766988900001,0
B0048,48,3.3838,8.03628,1.19349,0.718898,24,Critical,28.11,-0.00541999999999998,0.727261,0.72388,9.591219817199999,0
B0048,49,3.38863,8.02443,1.19104,0.717421,23,Critical,28.26,0.004830000000000112,0.718898,0.720974,9.557417107200001,0
B0048,50,3.37892,8.07636,1.19372,0.719038,22,Critical,28.1,-0.009710000000000107,0.717421,0.727261,9.640912459199999,0
B0048,51,3.39108,7.97021,1.17484,0.707662,21,Critical,29.23,0.01216000000000017,0.719038,0.718898,9.3637215164,0
B0048,52,3.37994,7.96044,1.18626,0.714544,20,Critical,28.55,-0.01114000000000015,0.707662,0.717421,9.443151554400002,0
B0048,53,3.38778,7.90155,1.1599,0.698663,19,Critical,30.13,0.007839999999999847,0.714544,0.719038,9.165007845,0
B0048,55,3.39143,7.91693,1.26156,0.759902,17,Critical,24.01,0.003650000000000375,0.698663,0.707662,9.9876822108,0
B0048,56,3.39765,8.0142,1.26805,0.763811,16,Critical,23.62,0.006219999999999892,0.759902,0.714544,10.16240631,0
B0048,57,3.40377,8.02892,1.24942,0.752586,15,Critical,24.74,0.006120000000000125,0.763811,0.698663,10.031493226399999,0
B0048,58,3.40289,8.07764,1.23759,0.745459,14,Critical,25.45,-0.0008799999999999919,0.752586,0.759902,9.9968064876,0
B0048,59,3.39902,8.27195,1.23672,0.744935,13,Critical,25.51,-0.00387000000000004,0.745459,0.763811,10.230086004,0
B0048,60,3.40073,8.27826,1.22296,0.736651,12,Critical,26.33,0.0017099999999996562,0.744935,0.752586,10.1239808496,0
B0048,61,3.38783,8.2756,1.22973,0.740726,11,Critical,25.93,-0.01289999999999969,0.736651,0.745459,10.176753588,0
B0048,62,3.39283,8.33488,1.24348,0.749008,10,Critical,25.1,0.004999999999999893,0.740726,0.744935,10.3642565824,0
B0048,63,3.3966,8.32568,1.23053,0.741209,9,Critical,25.88,0.003769999999999829,0.749008,0.736651,10.244999010399999,0
B0048,64,3.40071,8.24203,1.21175,0.729897,8,Critical,27.01,0.00411000000000028,0.741209,0.740726,9.9872798525,0
B0048,65,3.39248,8.29776,1.21298,0.730638,7,Critical,26.94,-0.008230000000000182,0.729897,0.749008,10.0650169248,0
B0048,67,3.40079,8.30984,1.30472,0.785899,5,Critical,21.41,0.008310000000000262,0.730638,0.741209,10.8420144448,0
B0048,68,3.40809,8.23277,1.27133,0.765787,4,Critical,23.42,0.007299999999999862,0.785899,0.729897,10.4665674841,0
B0048,69,3.41173,8.19281,1.26033,0.759161,3,Critical,24.08,0.0036399999999998656,0.765787,0.730638,10.3256442273,0
B0048,70,3.40768,8.22882,1.25419,0.755462,2,Critical,24.45,-0.004049999999999887,0.759161,0.785899,10.3205037558,0
B0048,71,3.40099,8.25247,1.23528,0.744071,1,Critical,25.59,-0.006689999999999863,0.755462,0.765787,10.1941111416,0
B0048,72,3.40675,8.21937,1.22533,0.738078,0,Critical,26.19,0.005759999999999987,0.744071,0.759161,10.071440642099999,0
B0049,1,3.05337,13.0529,0.952822,1.0,24,Healthy,0.0,0.0,1.0,1.0,12.437090283799998,2
B0049,16,3.05561,12.3355,0.968255,1.0162,9,Healthy,-1.62,0.0022400000000000198,1.0,1.0162,11.9439095525,2
B0049,19,3.1976,12.7781,0.944185,0.990936,6,Healthy,0.91,0.14198999999999984,1.0162,0.990936,12.0648903485,2
B0049,20,3.0487,12.4317,0.940153,0.986704,5,Healthy,1.33,-0.1488999999999998,0.990936,1.0,11.6877000501,2
B0049,22,3.02945,12.375,0.902022,0.946684,3,Healthy,5.33,-0.01924999999999999,0.986704,1.0162,11.16252225,2
B0049,23,2.97723,13.146,0.966209,1.01405,2,Healthy,-1.41,-0.052220000000000155,0.946684,0.990936,12.701783514,2
B0049,24,3.02211,12.4198,0.89755,0.941991,1,Healthy,5.8,0.04488000000000003,1.01405,0.986704,11.14739149,2
B0049,25,2.9635,13.2147,0.950344,0.997399,0,Healthy,0.26,-0.05861000000000027,0.941991,0.946684,12.5585108568,2
B0050,1,3.05806,14.106,0.941294,1.0,14,Healthy,0.0,0.0,1.0,1.0,13.277893164,2
B0050,15,3.20017,12.1633,0.622372,0.661187,0,Critical,33.88,0.14211000000000018,1.0,0.661187,7.5700973476,0
B0051,1,3.14738,13.5599,0.687723,1.0,0,Healthy,0.0,0.0,1.0,1.0,9.3254551077,2
B0052,1,3.10598,13.147,0.857893,1.0,0,Healthy,0.0,0.0,1.0,1.0,11.278719271,2
B0053,1,3.08284,11.9886,1.30808,1.0,54,Healthy,0.0,0.0,1.0,1.0,15.682047888,2
B0053,10,3.09513,12.2452,1.35932,1.03917,45,Healthy,-3.92,0.012290000000000134,1.0,1.03917,16.645145264000003,2
B0053,11,3.07283,12.2274,1.36974,1.04714,44,Healthy,-4.71,-0.022299999999999986,1.03917,1.04714,16.748358875999998,2
B0053,12,3.09925,12.1631,1.34147,1.02553,43,Healthy,-2.55,0.026419999999999888,1.04714,1.0,16.316433757,2
B0053,13,3.076,12.2925,1.36043,1.04002,42,Healthy,-4.0,-0.023249999999999993,1.02553,1.03917,16.723085775,2
B0053,14,3.0715,12.1557,1.34818,1.03065,41,Healthy,-3.07,-0.0045000000000001705,1.04002,1.04714,16.388071626,2
B0053,15,3.09083,12.3646,1.34219,1.02608,40,Healthy,-2.61,0.01933000000000007,1.03065,1.02553,16.595642473999998,2
B0053,16,3.07055,12.1283,1.34605,1.02903,39,Healthy,-2.9,-0.020280000000000076,1.02608,1.04002,16.325298215,2
B0053,17,3.08746,12.3021,1.33409,1.01989,38,Healthy,-1.99,0.016910000000000203,1.02903,1.03065,16.412108589,2
B0053,18,3.06613,12.4046,1.34762,1.03023,37,Healthy,-3.02,-0.021330000000000293,1.01989,1.02608,16.716687052,2
B0053,19,3.06488,12.1334,1.33786,1.02276,36,Healthy,-2.28,-0.0012499999999997513,1.03023,1.02903,16.232790524000002,2
B0053,20,3.09206,12.1468,1.31142,1.00256,35,Healthy,-0.26,0.027179999999999982,1.02276,1.01989,15.929556456000002,2
B0053,21,3.06975,12.527,1.33984,1.02428,34,Healthy,-2.43,-0.022310000000000052,1.00256,1.03023,16.784175679999997,2
B0053,22,3.06365,12.2124,1.35989,1.03961,33,Healthy,-3.96,-0.006099999999999994,1.02428,1.02276,16.607520636,2
B0053,23,3.08174,12.5338,1.36125,1.04065,32,Healthy,-4.06,0.01808999999999994,1.03961,1.00256,17.06163525,2
B0053,24,3.07127,12.1575,1.34334,1.02696,31,Healthy,-2.7,-0.010469999999999757,1.04065,1.02428,16.33165605,2
B0053,25,3.07199,12.5333,1.34341,1.02701,30,Healthy,-2.7,0.0007199999999998319,1.02696,1.03961,16.837360553,2
B0053,26,3.08172,12.1298,1.31459,1.00498,29,Healthy,-0.5,0.009729999999999794,1.02701,1.04065,15.945713781999999,2
B0053,27,3.06562,12.4376,1.3323,1.01852,28,Healthy,-1.85,-0.01609999999999978,1.00498,1.02696,16.57061448,2
B0053,28,3.07845,12.5,1.32178,1.01048,27,Healthy,-1.05,0.012830000000000119,1.01852,1.02701,16.52225,2
B0053,29,3.05685,12.4478,1.33243,1.01862,26,Healthy,-1.86,-0.021600000000000286,1.01048,1.00498,16.585822154000002,2
B0053,30,3.07067,12.1268,1.30429,0.997104,25,Healthy,0.29,0.013819999999999943,1.01862,1.01852,15.816863971999998,2
B0053,31,3.05734,12.5612,1.30657,0.998845,24,Healthy,0.12,-0.013329999999999842,0.997104,1.01048,16.412087084,2
B0053,32,3.0536,12.1695,1.30586,0.998301,23,Healthy,0.17,-0.0037400000000000766,0.998845,1.01862,15.891663269999999,2
B0053,33,3.04576,12.4394,1.31422,1.00469,22,Healthy,-0.47,-0.007839999999999847,0.998301,0.997104,16.348108267999997,2
B0053,34,3.07726,12.1945,1.28926,0.985614,21,Healthy,1.44,0.03149999999999986,1.00469,0.998845,15.72188107,2
B0053,35,3.07643,12.3247,1.29306,0.98852,20,Healthy,1.15,-0.0008299999999996643,0.985614,0.998301,15.936576582,2
B0053,36,3.06763,12.4904,1.29584,0.990646,19,Healthy,0.94,-0.008800000000000363,0.98852,1.00469,16.185559936,2
B0053,37,3.05863,12.4932,1.30018,0.993965,18,Healthy,0.6,-0.008999999999999897,0.990646,0.985614,16.243408776,2
B0053,38,3.05966,12.5309,1.30219,0.995502,17,Healthy,0.45,0.0010300000000000864,0.993965,0.98852,16.317612671,2
B0053,39,3.05458,12.4997,1.29959,0.99351,16,Healthy,0.65,-0.005079999999999973,0.995502,0.990646,16.244485123,2
B0053,40,3.05069,12.2331,1.29044,0.986516,15,Healthy,1.35,-0.003890000000000171,0.99351,0.993965,15.786081564000002,2
B0053,41,3.06463,12.4129,1.2831,0.980908,14,Healthy,1.91,0.013940000000000285,0.986516,0.995502,15.92699199,2
B0053,42,3.0516,12.6163,1.29563,0.990481,13,Healthy,0.95,-0.013030000000000097,0.980908,0.99351,16.346056769,2
B0053,45,3.05929,12.5681,1.36194,1.04118,10,Healthy,-4.12,0.007689999999999753,0.990481,0.986516,17.116998113999998,2
B0053,46,3.09332,12.5504,1.33681,1.02196,9,Healthy,-2.2,0.034030000000000005,1.04118,0.980908,16.777500224,2
B0053,47,3.07494,12.4324,1.33436,1.02009,8,Healthy,-2.01,-0.018380000000000063,1.02196,0.990481,16.589297264,2
B0053,48,3.06773,12.5166,1.33216,1.01841,7,Healthy,-1.84,-0.007209999999999717,1.02009,1.04118,16.674113856,2
B0053,49,3.0579,12.4165,1.32159,1.01033,6,Healthy,-1.03,-0.009830000000000005,1.01841,1.02196,16.409522235,2
B0053,50,3.06963,12.8644,1.32863,1.01571,5,Healthy,-1.57,0.011730000000000018,1.01033,1.02009,17.092027771999998,2
B0053,51,3.07747,12.4529,1.30577,0.998233,4,Healthy,0.18,0.007839999999999847,1.01571,1.01841,16.260623233,2
B0053,52,3.06565,12.7172,1.31592,1.00599,3,Healthy,-0.6,-0.01181999999999972,0.998233,1.01033,16.734817824,2
B0053,53,3.08159,12.5135,1.29515,0.99012,2,Healthy,0.99,0.01593999999999962,1.00599,1.01571,16.206859525000002,2
B0053,54,3.08008,12.5309,1.2928,0.98832,1,Healthy,1.17,-0.0015099999999996783,0.99012,0.998233,16.199947520000002,2
B0053,55,3.06381,12.9003,1.31281,1.00362,0,Healthy,-0.36,-0.016270000000000007,0.98832,1.00599,16.935642843,2
B0054,1,3.20598,12.4892,0.853855,1.0,0,Healthy,0.0,0.0,1.0,1.0,10.663965866,2
B0055,1,3.15335,12.2072,0.854758,1.0,0,Healthy,0.0,0.0,1.0,1.0,10.4342018576,2
B0056,1,3.24161,10.3344,0.794083,1.0,0,Healthy,0.0,0.0,1.0,1.0,8.2063713552,2
